date,open,high,low,close,volume
18-05-12,42.05,45,38,38.2318,573576400
21-05-12,36.53,36.66,33,34.03,168192700
22-05-12,32.61,33.59,30.94,31,101786600
23-05-12,31.37,32.5,31.36,32,73600000
24-05-12,32.95,33.21,31.77,33.03,50237200
25-05-12,32.9,32.95,31.11,31.91,37149800
29-05-12,31.48,31.69,28.65,28.84,78063400
30-05-12,28.695,29.55,27.86,28.19,57267900
31-05-12,28.545,29.67,26.83,29.6,111639200
01-06-12,28.892,29.15,27.39,27.72,41855500
04-06-12,27.2,27.65,26.44,26.9,35230300
05-06-12,26.7,27.76,25.75,25.869,42473400
06-06-12,26.07,27.17,25.52,26.81,61489200
07-06-12,27,27.35,26.15,26.31,26159500
08-06-12,26.55,27.76,26.44,27.1,38034000
11-06-12,27.18,28.07,26.835,27.005,28219600
12-06-12,27.48,27.77,26.96,27.4,15816800
13-06-12,27.66,28.1,27.1,27.27,17102800
14-06-12,27.65,28.32,27.38,28.29,16855000
15-06-12,28.505,30.1,28.35,30.014,43563800
18-06-12,29.955,32.08,29.41,31.41,42978900
19-06-12,31.535,32.18,30.7,31.911,30849000
20-06-12,31.92,31.9288,31.15,31.6,15553600
21-06-12,31.67,32.5,31.51,31.84,21875300
22-06-12,32.41,33.45,32.06,33.05,74834000
25-06-12,32.86,33.02,31.55,32.06,24352900
26-06-12,32.69,33.44,32.5,33.1,24858700
27-06-12,32.46,32.9,31.9,32.23,28568000
28-06-12,31.96,32.19,30.9,31.36,17713300
29-06-12,31.92,31.99,30.76,31.095,19526900
02-07-12,31.25,31.73,30.55,30.771,14122000
03-07-12,30.91,31.44,30.8,31.2,8763600
05-07-12,31.32,31.625,31.02,31.47,10032100
06-07-12,31.44,31.9,31.26,31.73,10945600
09-07-12,32.1,32.88,31.99,32.17,17785200
10-07-12,32.43,32.48,31.1599,31.47,14269500
11-07-12,31.48,31.56,30.55,30.97,13030300
12-07-12,30.7,31.4,30.6,30.81,11300700
13-07-12,31.04,31.07,30.56,30.72,8108300
16-07-12,30.5,30.5,28.21,28.245,24672100
17-07-12,28.48,28.59,27.15,28.09,30438600
18-07-12,28.31,29.29,28.15,29.11,16841800
19-07-12,29.41,29.5,28.63,29,13685100
20-07-12,29,29.47,28.72,28.76,11869100
23-07-12,28.12,29,28.01,28.75,12390700
24-07-12,28.82,29.45,28.1,28.45,11539800
25-07-12,28.39,29.49,28.08,29.34,17230200
26-07-12,27.75,28.23,26.73,26.845,64597400
27-07-12,23.19,24.54,22.28,23.705,123102300
30-07-12,23.995,24.04,23.03,23.15,29285900
31-07-12,23.37,23.37,21.61,21.71,56179400
01-08-12,21.5,21.58,20.84,20.88,44604400
02-08-12,20.77,20.84,19.82,20.04,56374500
03-08-12,20.36,22.16,19.9,21.09,80647000
06-08-12,21.39,22.15,21.3,21.92,27778900
07-08-12,22.2,22.45,20.5,20.72,36782900
08-08-12,20.71,21.15,20.22,20.72,29537400
09-08-12,20.75,21.17,20.61,21.01,15610700
10-08-12,21.41,21.82,21.13,21.807,25794700
13-08-12,22.15,22.45,21.4,21.6,24973100
14-08-12,21.41,21.6,20.25,20.38,39308800
15-08-12,20.64,21.41,20.4,21.2,47861100
16-08-12,20.44,20.48,19.69,19.87,157565300
17-08-12,20.005,20.08,19,19.05,129293400
20-08-12,19.05,20.13,18.75,20.011,101186600
21-08-12,19.58,19.98,19.09,19.159,70640600
22-08-12,19.36,19.53,18.96,19.439,49892200
23-08-12,19.5,19.73,19.36,19.44,32813700
24-08-12,19.52,19.68,19.25,19.409,29622200
27-08-12,19.49,19.53,19.1,19.15,20704000
28-08-12,19.1,19.38,18.95,19.34,25417000
29-08-12,19.32,19.38,19.07,19.1,16124700
30-08-12,19.27,19.45,19.06,19.0885,30647500
31-08-12,18.68,18.7,18.03,18.058,58764200
04-09-12,18.08,18.27,17.55,17.729,46622400
05-09-12,18.27,18.75,18.18,18.58,60781800
06-09-12,18.74,19.2617,18.72,18.96,46066500
07-09-12,19.1,19.42,18.78,18.98,36371700
10-09-12,19.06,19.2,18.55,18.81,24797800
11-09-12,18.92,19.581,18.85,19.43,50508200
12-09-12,20.76,21.16,20.28,20.931,121584000
13-09-12,20.955,21.48,20.61,20.713,65041600
14-09-12,21.13,22.08,20.9,22,72819800
17-09-12,22.67,22.75,21.5,21.52,50667600
18-09-12,21.6,21.98,21.37,21.87,36760500
19-09-12,21.99,23.37,21.77,23.29,78782800
20-09-12,23.02,23.24,22.54,22.59,57248900
21-09-12,22.97,23.24,22.6,22.86,51218100
24-09-12,21.78,21.98,20.3625,20.79,79106500
25-09-12,21.2,21.21,20.22,20.28,46291700
26-09-12,20.145,20.78,19.8,20.62,38271900
27-09-12,20.99,21,20.16,20.32,30215900
28-09-12,20.57,21.95,20.5,21.66,65486000
01-10-12,22.08,22.59,21.73,21.99,51262700
02-10-12,22.08,22.49,21.82,22.27,29341400
03-10-12,22.295,22.49,21.8,21.83,32000100
04-10-12,22.32,22.4,21.41,21.9475,46892100
05-10-12,21.49,21.63,20.88,20.91,40529300
08-10-12,20.4,20.75,20.155,20.4,32236700
09-10-12,20.39,20.55,19.97,20.227,27161800
10-10-12,19.93,19.94,19.45,19.64,39321800
11-10-12,19.88,19.96,19.61,19.75,21817300
12-10-12,19.75,19.8,19.48,19.5181,18809400
15-10-12,19.68,19.88,19.49,19.52,20189700
16-10-12,19.68,19.69,19.3,19.48,21834700
17-10-12,19.5,20.48,19.3718,19.88,44074500
18-10-12,19.7,19.79,18.89,18.975,52157400
19-10-12,19,19.06,18.8,19,34835000
22-10-12,19.25,19.43,19.05,19.321,32447300
23-10-12,19.25,19.8,19.1,19.5,78381200
24-10-12,24.13,24.25,22.85,23.2299,228949900
25-10-12,23.29,23.31,22.47,22.56,76142000
26-10-12,22.4,22.88,21.88,21.9425,73175800
31-10-12,20.82,21.5,20.73,21.11,99378200
01-11-12,21.08,21.44,21.01,21.21,37713900
02-11-12,21.26,21.69,21.07,21.18,38344400
05-11-12,21.1,21.48,20.92,21.25,31806700
06-11-12,21.24,21.37,20.99,21.1712,29062700
07-11-12,20.85,20.95,20.37,20.47,33396800
08-11-12,20.52,20.73,19.98,19.99,34254600
09-11-12,19.955,20,19.13,19.21,42295500
12-11-12,19.15,20.17,18.87,20.07,67349200
13-11-12,19.605,20.11,19.56,19.86,71775100
14-11-12,20.1,22.5,19.93,22.36,229751000
15-11-12,22.34,22.5,21.65,22.17,78857700
16-11-12,22.25,23.93,22.18,23.5607,107182200
19-11-12,23.955,24.12,22.82,22.92,85021300
20-11-12,22.73,23.9,22.7,23.1,46655300
21-11-12,23.22,24.53,23.05,24.32,89862400
23-11-12,24.58,24.68,23.88,23.998,29520900
26-11-12,24.935,26.09,24.81,25.94,123865000
27-11-12,26.04,26.5,25.46,26.15,85760600
28-11-12,25.94,26.49,25.75,26.36,49205600
29-11-12,26.5,27.52,26.16,27.32,88759700
30-11-12,27.26,28,26.76,28,127049600
03-12-12,27.9999,28.88,26.98,27.04,123526100
04-12-12,27.06,27.76,26.68,27.46,72869200
05-12-12,27.75,27.9,27.26,27.71,58976300
06-12-12,27.68,27.75,26.82,26.97,46001500
07-12-12,27.07,27.78,26.84,27.485,51751900
10-12-12,27.17,28.17,27.1,27.84,50608500
11-12-12,28.07,28.24,27.66,27.98,77099100
12-12-12,28,28.14,27.37,27.5801,46704200
13-12-12,27.59,28.75,27.43,28.24,81051600
14-12-12,28.18,28.33,26.76,26.812,91631600
17-12-12,26.77,27,26.32,26.75,57742500
18-12-12,26.96,27.91,26.9,27.71,60512900
19-12-12,27.83,28.22,26.95,27.41,61390300
20-12-12,27.49,27.6,27.13,27.36,35574800
21-12-12,26.66,27.01,26.12,26.26,54555200
24-12-12,26.5,26.96,26.2,26.93,28230100
26-12-12,27.03,27.18,26.375,26.51,33175400
27-12-12,26.55,26.8,25.52,26.05,43481700
28-12-12,25.48,26.11,25.15,25.9112,56574800
31-12-12,26.2,26.99,26.11,26.6197,60374500
02-01-13,27.44,28.18,27.42,28,69846400
03-01-13,27.88,28.47,27.59,27.77,63140600
04-01-13,28.01,28.93,27.83,28.76,72715400
07-01-13,28.69,29.79,28.65,29.4213,83781800
08-01-13,29.51,29.6,28.86,29.0607,45871300
09-01-13,29.67,30.6,29.49,30.59,104787700
10-01-13,30.6,31.45,30.28,31.3,95316400
11-01-13,31.28,31.96,31.1,31.72,89598000
14-01-13,32.08,32.21,30.62,30.9475,98892800
15-01-13,30.64,31.71,29.88,30.1,173242600
16-01-13,30.21,30.35,29.53,29.85,75332700
17-01-13,30.08,30.42,30.03,30.14,40256700
18-01-13,30.31,30.44,29.27,29.66,49631500
22-01-13,29.75,30.89,29.74,30.729,55243300
23-01-13,31.1,31.5,30.8,30.82,48899800
24-01-13,31.27,31.49,30.81,31.08,43845100
25-01-13,31.41,31.93,31.13,31.54,54363600
28-01-13,31.88,32.5063,31.81,32.469,59682500
29-01-13,32,32.07,30.71,30.79,72976500
30-01-13,30.98,31.49,30.88,31.24,87682100
31-01-13,29.15,31.47,28.74,30.981,190744900
01-02-13,31.01,31.02,29.63,29.73,85856700
04-02-13,29.06,29.2,28.01,28.109,92362200
05-02-13,28.26,28.96,28.04,28.64,47948200
06-02-13,28.74,29.29,28.66,29.05,38375900
07-02-13,29.11,29.15,28.27,28.65,34540100
08-02-13,28.89,29.17,28.51,28.545,37708800
11-02-13,28.61,28.68,28.04,28.26,37361800
12-02-13,27.67,28.16,27.1,27.37,93498700
13-02-13,27.36,28.32,27.31,27.9075,50164000
14-02-13,28.02,28.63,28.01,28.5,35615800
15-02-13,28.52,28.75,28.09,28.32,33109300
19-02-13,28.23,29.08,28.12,28.93,49396400
20-02-13,28.92,29.05,28.33,28.462,42098200
21-02-13,28.28,28.55,27.15,27.283,49642300
22-02-13,27.62,27.63,26.82,27.13,36350200
25-02-13,27.16,27.64,27.15,27.27,34652000
26-02-13,27.36,27.46,26.7,27.39,31611700
27-02-13,27.34,27.34,26.63,26.87,44319700
28-02-13,26.84,27.3,26.34,27.25,83027800
01-03-13,27.05,28.1164,26.81,27.78,54064800
04-03-13,27.76,28.06,27.44,27.72,32400700
05-03-13,27.88,28.18,27.21,27.52,40622200
06-03-13,28.1,28.13,27.35,27.4525,33532600
07-03-13,27.57,28.675,27.47,28.578,74540200
08-03-13,28.425,28.47,27.73,27.96,44198900
11-03-13,28.01,28.64,27.83,28.14,35642100
12-03-13,28.1,28.32,27.6,27.83,27569600
13-03-13,27.62,27.65,26.92,27.08,39619500
14-03-13,27.1,27.43,26.83,27.04,27646400
15-03-13,27.03,27.06,26.56,26.645,31597400
18-03-13,26.37,26.79,25.78,26.49,26653700
19-03-13,26.53,26.9,26.21,26.55,25254200
20-03-13,26.68,26.69,25.78,25.86,44006500
21-03-13,25.66,26.11,25.56,25.74,24336100
22-03-13,25.796,26.01,25.63,25.73,18456300
25-03-13,25.75,25.8,25.078,25.131,39199000
26-03-13,25.08,25.48,25.03,25.205,26957200
27-03-13,25,26.28,24.72,26.09,52297400
28-03-13,26.09,26.17,25.52,25.58,28585700
01-04-13,25.63,25.89,25.28,25.53,22249300
02-04-13,25.77,26.12,25.3,25.42,35153300
03-04-13,25.83,26.39,25.7,26.25,48195200
04-04-13,26.62,27.2301,26.11,27.0725,82016800
05-04-13,26.86,27.8,26.61,27.39,64566600
08-04-13,27.19,27.2,26.63,26.849,27256000
09-04-13,26.58,26.89,26.42,26.59,21311100
10-04-13,27.0099,27.84,26.9,27.57,45949400
11-04-13,27.48,28.1,27.25,28.0175,33368500
12-04-13,28,28,27.24,27.4,28697400
15-04-13,27.16,27.48,26.36,26.52,30275400
16-04-13,26.81,27.11,26.4,26.92,27365900
17-04-13,26.65,27.2,26.39,26.625,26440600
18-04-13,26.82,26.82,25.15,25.69,39059000
19-04-13,25.62,25.96,25.33,25.73,20380900
22-04-13,25.81,26.36,25.7,25.97,25687600
23-04-13,26.215,26.33,25.77,25.98,25191500
24-04-13,25.93,26.4,25.8,26.11,19729900
25-04-13,26.07,26.4,26,26.14,17150000
26-04-13,26.6,27.62,26.6,26.85,33018000
29-04-13,27.16,27.41,26.86,26.98,29201100
30-04-13,27.13,27.85,27.005,27.769,36245700
01-05-13,27.85,27.915,27.31,27.43,64567600
02-05-13,28.0099,29.02,27.98,28.97,104257000
03-05-13,29.04,29.07,28.15,28.311,58506400
06-05-13,28.33,28.46,27.48,27.57,43939400
07-05-13,27.55,27.85,26.85,26.889,41259100
08-05-13,26.88,27.3,26.65,27.12,34654900
09-05-13,27.08,27.55,26.85,27.04,33457200
10-05-13,27.14,27.3,26.57,26.68,30847100
13-05-13,26.6,27.325,26.531,26.82,29068800
14-05-13,26.8854,27.28,26.82,27.07,24930300
15-05-13,26.92,26.99,26.4,26.6,30299800
16-05-13,26.48,26.55,25.9,26.13,35499100
17-05-13,26.4,26.6,26.2,26.25,29462700
20-05-13,26.18,26.19,25.69,25.759,42402900
21-05-13,25.87,26.075,25.59,25.66,26261300
22-05-13,25.65,25.85,24.92,25.159,45314500
23-05-13,24.8,25.53,24.77,25.06,37663100
24-05-13,24.97,24.97,24.08,24.3125,58727900
28-05-13,24.54,24.54,23.92,24.1,50079700
29-05-13,23.79,23.81,23.26,23.32,64237800
30-05-13,24.13,24.779,23.93,24.55,60733200
31-05-13,24.63,24.95,24.27,24.348,35925000
03-06-13,24.265,24.32,23.71,23.848,35733800
04-06-13,23.89,23.93,23.32,23.52,34760800
05-06-13,23.35,23.705,22.79,22.899,53819700
06-06-13,22.99,23.09,22.67,22.97,31260700
07-06-13,23.03,23.4,22.86,23.291,38699200
10-06-13,24.06,24.6,23.99,24.33,58393000
11-06-13,24.03,24.35,24,24.03,29885900
12-06-13,24.16,24.26,23.58,23.77,26445800
13-06-13,23.72,23.83,23.265,23.73,31189300
14-06-13,23.56,23.89,23.26,23.63,30677100
17-06-13,23.91,24.25,23.75,24.022,33664500
18-06-13,24.09,24.69,24.08,24.21,36709100
19-06-13,24.2,25.19,24.1,24.309,31790600
20-06-13,24.28,24.745,23.65,23.9,42765600
21-06-13,24.59,24.7,24.05,24.53,45833900
24-06-13,23.95,24.11,23.38,23.935,40626000
25-06-13,24.14,24.43,24.04,24.25,24713200
26-06-13,24.51,24.65,23.99,24.16,29890300
27-06-13,24.24,24.84,24.21,24.66,34694100
28-06-13,24.68,24.98,24.42,24.88,96778900
01-07-13,24.9694,25.0601,24.62,24.81,20582200
02-07-13,24.7,24.77,24.3,24.41,18394100
03-07-13,24.22,24.71,24.15,24.52,10404400
05-07-13,24.65,24.66,24.2,24.37,20229500
08-07-13,24.47,25.04,24.42,24.71,27064600
09-07-13,25.07,25.49,25.03,25.48,30387900
10-07-13,25.58,25.83,25.47,25.8,26721800
11-07-13,25.96,26,25.45,25.81,26777400
12-07-13,25.74,25.93,25.55,25.91,16537900
15-07-13,25.93,26.43,25.65,26.28,24234000
16-07-13,26.39,26.75,26.01,26.32,30817600
17-07-13,26.37,26.78,26.3,26.65,21518500
18-07-13,26.75,26.77,26.12,26.18,24806900
19-07-13,25.82,26.1077,25.6,25.881,46539700
22-07-13,25.99,26.13,25.72,26.045,27526300
23-07-13,26.1,26.3,25.97,26.13,28221600
24-07-13,26.32,26.53,26.05,26.51,82635600
25-07-13,33.545,34.88,32.75,34.359,365457900
26-07-13,33.77,34.73,33.56,34.01,136028900
29-07-13,34.07,35.63,34.01,35.43,124718800
30-07-13,35.65,37.96,35.32,37.627,173582800
31-07-13,37.96,38.31,36.33,36.8,154828700
01-08-13,37.3,38.29,36.92,37.489,106066500
02-08-13,37.66,38.49,37.5,38.05,73058500
05-08-13,38.43,39.32,38.25,39.189,79994800
06-08-13,39.11,39.25,37.94,38.55,63950800
07-08-13,38.61,38.94,37.7,38.87,68854800
08-08-13,39.13,39.19,38.43,38.54,41301000
09-08-13,38.59,38.74,38.01,38.5,43532300
12-08-13,38.2,38.5,38.1,38.22,31161000
13-08-13,38.24,38.32,36.77,37.019,65379200
14-08-13,36.83,37.55,36.62,36.65,48423900
15-08-13,36.36,37.07,36.0201,36.56,56521100
16-08-13,36.97,37.49,36.9,37.08,45840800
19-08-13,37.43,38.28,37.14,37.81,57609600
20-08-13,38.35,38.58,37.69,38.41,57995200
21-08-13,38.38,38.85,38.145,38.32,46116900
22-08-13,38.37,38.75,38.34,38.55,21931200
23-08-13,39,40.63,38.93,40.55,86442300
26-08-13,40.9,41.94,40.62,41.34,94162400
27-08-13,40.68,41.2,39.42,39.64,72695100
28-08-13,39.96,40.85,39.88,40.548,57918200
29-08-13,40.89,41.78,40.8,41.28,58303400
30-08-13,42.025,42.26,41.06,41.294,67735100
03-09-13,41.84,42.165,41.51,41.87,48774900
04-09-13,42.01,42.17,41.44,41.78,42581900
05-09-13,41.79,42.765,41.77,42.66,50035400
06-09-13,43.09,44.61,42.4,43.95,117535700
09-09-13,44.36,44.79,43.7,44.04,75794700
10-09-13,44.24,44.26,43.23,43.6,54540300
11-09-13,43.39,45.09,43.11,45.04,72328300
12-09-13,45.53,45.62,44.65,44.75,68072300
13-09-13,45.04,45.08,43.93,44.31,52765300
16-09-13,44.85,44.94,42.43,42.51,70424200
17-09-13,42.5,45.44,42.43,45.07,91934600
18-09-13,44.84,45.47,44.395,45.23,79317000
19-09-13,45.51,46.05,45.23,45.98,63972400
20-09-13,46.32,47.6,45.74,47.49,115508400
23-09-13,47.28,47.55,46.29,47.19,75177000
24-09-13,48.505,49.66,48.16,48.45,136716100
25-09-13,49.23,49.54,48.46,49.46,87879700
26-09-13,50.01,50.6,49.5,50.39,98220100
27-09-13,50.29,51.28,49.86,51.24,81410500
30-09-13,50.14,51.6,49.8,50.23,100095000
01-10-13,49.97,51.03,49.45,50.42,98114000
02-10-13,50.13,51.1,49.95,50.28,62834000
03-10-13,50.47,50.72,49.06,49.183,82045000
04-10-13,49.77,51.16,49.57,51.04,74447000
07-10-13,50.73,51.29,50.4,50.515,57204000
08-10-13,50.6,50.6,47.08,47.14,136081000
09-10-13,47.375,47.84,45.26,46.77,147297000
10-10-13,47.865,49.68,47.83,49.05,99774000
11-10-13,49.18,49.87,48.79,49.11,58428000
14-10-13,48.31,49.63,47.91,49.51,68781000
15-10-13,49.99,51,49.18,49.5,81167000
16-10-13,50.04,51.24,49.9,51.135,64678000
17-10-13,51.12,52.22,50.95,52.21,71522000
18-10-13,54.18,54.825,53.6,54.22,88260000
21-10-13,54.68,54.81,53.51,53.85,58235000
22-10-13,54.33,54.76,52.2,52.675,83204000
23-10-13,51.75,52.25,51.13,51.9,57207000
24-10-13,52.38,52.84,51.5928,52.445,46775000
25-10-13,53.18,53.24,51.88,51.95,45085000
28-10-13,51.54,51.7,49.61,50.229,73472000
29-10-13,50.73,50.79,49.25,49.395,102143000
30-10-13,50,50.21,48.75,49.01,127073000
31-10-13,47.155,52,46.5,50.205,248809000
01-11-13,50.85,52.09,49.72,49.75,95033000
04-11-13,49.365,49.75,48.02,48.22,80371000
05-11-13,47.79,50.18,47.51,50.105,76835000
06-11-13,50.26,50.45,48.71,49.12,67889000
07-11-13,49.24,49.87,47.3,47.56,97128000
08-11-13,47.81,48.65,47.25,47.53,70731000
11-11-13,47.04,47.53,45.73,46.2,80910000
12-11-13,46,47.37,45.83,46.605,68196000
13-11-13,46.23,48.74,46.06,48.71,79245000
14-11-13,48.7,49.57,48.03,48.99,75117000
15-11-13,49.11,49.48,48.71,49.01,42453000
18-11-13,48.47,48.84,45.8,45.83,85910000
19-11-13,46.26,47,45.72,46.36,75602000
20-11-13,46.61,47.55,46.31,46.43,53933000
21-11-13,46.99,47.46,46.685,46.7,34886000
22-11-13,47.04,47.27,45.96,46.23,40545000
25-11-13,46.36,46.65,44.04,44.82,82565000
26-11-13,44.66,46.17,43.55,45.89,82016000
27-11-13,45.97,46.67,45.53,46.49,44993000
29-11-13,46.75,47.21,46.5,47.01,22953900
02-12-13,46.9,47.54,46.26,47.06,50774000
03-12-13,46.75,47.2,46.29,46.73,32086000
04-12-13,46.46,48.77,46.26,48.62,60890000
05-12-13,48.15,48.7,47.87,48.34,43855000
06-12-13,48.98,49.39,47.71,47.94,42938000
09-12-13,48.09,48.97,47.74,48.84,36056000
10-12-13,48.64,50.77,48.54,50.245,68479000
11-12-13,50.55,50.77,49.01,49.38,65776000
12-12-13,51.045,52.07,50.66,51.83,92723000
13-12-13,51.66,53.5,51.34,53.32,82641000
16-12-13,53.25,54.5,52.91,53.81,85119000
17-12-13,54.76,55.18,54.24,54.86,78751000
18-12-13,54.86,55.89,53.75,55.57,76003000
19-12-13,54.33,55.19,53.95,55.05,89753200
20-12-13,54.93,55.15,54.23,55.12,239824000
23-12-13,55.5,58.32,55.45,57.77,98297000
24-12-13,58.27,58.58,56.91,57.96,46617800
26-12-13,58.32,58.38,57.37,57.73,55101000
27-12-13,57.48,57.68,55.25,55.44,60466000
30-12-13,54.93,55.18,53.43,53.71,68307000
31-12-13,54.12,54.86,53.91,54.649,43076200
02-01-14,54.83,55.22,54.19,54.71,43195500
03-01-14,55.02,55.65,54.53,54.557,38246200
06-01-14,54.42,57.26,54.05,57.2,68852600
07-01-14,57.7,58.55,57.22,57.92,77207400
08-01-14,57.6,58.41,57.23,58.23,56682400
09-01-14,58.65,58.96,56.65,57.22,92253300
10-01-14,57.13,58.3,57.06,57.94,42449500
13-01-14,57.91,58.25,55.38,55.91,63010900
14-01-14,56.46,57.78,56.1,57.74,37503600
15-01-14,57.98,58.57,57.27,57.6,33663400
16-01-14,57.26,58.02,56.83,57.19,34541800
17-01-14,57.3,57.82,56.07,56.3,40849200
21-01-14,56.6,58.58,56.5,58.51,48669200
22-01-14,58.85,59.31,57.1,57.51,61352900
23-01-14,56.37,56.68,55.6855,56.63,47951800
24-01-14,56.15,56.42,54.4,54.45,55200700
27-01-14,54.73,54.9401,51.85,53.55,73924100
28-01-14,54.02,55.28,54,55.14,48191200
29-01-14,54.61,54.95,53.19,53.53,92995600
30-01-14,62.12,62.5,60.46,61.08,150178900
31-01-14,60.47,63.37,60.17,62.57,87794600
03-02-14,63.03,63.77,60.7,61.48,74866600
04-02-14,62.05,63.14,61.82,62.75,45985500
05-02-14,62.74,63.16,61.27,62.19,51685100
06-02-14,61.46,62.78,61.46,62.16,42086500
07-02-14,62.27,64.57,62.22,64.32,60704300
10-02-14,64.3,64.49,63.473,63.548,43666100
11-02-14,63.75,65,63.35,64.851,45675600
12-02-14,64.92,65.06,64.05,64.45,47282100
13-02-14,64.18,67.33,64.05,67.33,61911700
14-02-14,67.5,67.58,66.72,67.09,36694900
18-02-14,66.94,67.5397,66.07,67.3,43809900
19-02-14,67.05,69.08,67,68.06,62087100
20-02-14,67.73,70.11,65.727,69.63,130928900
21-02-14,69.69,69.96,68.45,68.59,70932400
24-02-14,68.74,71.44,68.54,70.78,76620300
25-02-14,70.95,71,69.45,69.85,52077000
26-02-14,70.19,71.22,68.85,69.26,55322700
27-02-14,69.34,70.01,68.87,68.94,41653700
28-02-14,69.47,69.88,67.38,68.46,66783700
03-03-14,66.96,68.05,66.51,67.41,56824100
04-03-14,68.66,68.9,67.62,68.8,42013500
05-03-14,69.69,71.97,69.62,71.57,74567700
06-03-14,71.88,71.89,70.25,70.84,46026500
07-03-14,71.08,71.18,69.47,69.8,38927000
10-03-14,70.77,72.15,70.51,72.03,59871600
11-03-14,72.5,72.59,69.96,70.1,59408300
12-03-14,69.86,71.35,69,70.8799,46340500
13-03-14,71.29,71.35,68.15,68.83,57091000
14-03-14,68.49,69.43,67.46,67.72,48227000
17-03-14,68.18,68.95,66.62,68.7399,52197000
18-03-14,68.76,69.6,68.3,69.19,40827000
19-03-14,69.17,69.29,67.465,68.24,43981000
20-03-14,68.01,68.23,66.82,66.97,44439000
21-03-14,67.53,67.92,66.1786,67.24,59999900
24-03-14,67.19,67.36,63.36,64.1,85696000
25-03-14,64.89,66.19,63.78,64.89,68786000
26-03-14,64.74,64.95,60.37,60.385,97503900
27-03-14,60.51,61.9,57.98,60.97,112650000
28-03-14,61.34,61.95,59.335,60.01,67052000
31-03-14,60.78,61.52,59.87,60.24,53011000
01-04-14,60.46,62.66,60.24,62.62,59291000
02-04-14,63.21,63.91,62.21,62.72,66277000
03-04-14,62.55,63.17,59.13,59.49,83859000
04-04-14,59.94,60.2,56.32,56.749,125214400
07-04-14,55.9,58,55.44,56.95,108488000
08-04-14,57.68,58.71,57.17,58.1901,78836000
09-04-14,59.63,62.4558,59.1882,62.41,100215000
10-04-14,63.08,63.18,58.68,59.16,114988000
11-04-14,57.6,60.31,57.31,58.53,91452000
14-04-14,60.09,60.45,57.78,58.89,72325000
15-04-14,59.29,59.68,55.88,59.09,108623000
16-04-14,59.79,60.19,57.74,59.72,78774000
17-04-14,59.3,60.58,58.72,58.94,88040000
21-04-14,59.46,61.24,59.15,61.24,60364000
22-04-14,62.65,63.44,62.22,63.0301,60631000
23-04-14,63.45,63.48,61.26,61.36,96565000
24-04-14,63.6,63.65,59.77,60.87,138769000
25-04-14,59.97,60.01,57.57,57.71,92502000
28-04-14,58.05,58.31,54.66,56.14,107758000
29-04-14,56.09,58.28,55.84,58.15,75557000
30-04-14,57.58,59.85,57.16,59.78,76093000
01-05-14,60.43,62.28,60.21,61.15,82429000
02-05-14,61.3,61.89,60.18,60.46,54189000
05-05-14,59.67,61.35,59.18,61.22,46057000
06-05-14,60.98,61.15,58.49,58.53,55901000
07-05-14,58.77,59.3,56.26,57.39,78587000
08-05-14,57.23,58.82,56.5,56.76,61251000
09-05-14,56.85,57.65,56.38,57.24,52584000
12-05-14,57.98,59.9,57.98,59.83,48575000
13-05-14,59.66,60.89,59.51,59.83,48525000
14-05-14,59.53,60.45,58.95,59.23,47429000
15-05-14,59.26,59.38,57.52,57.919,56814000
16-05-14,58.31,58.45,57.31,58.0199,47933000
19-05-14,57.89,59.56,57.57,59.21,43034000
20-05-14,59.5,60.19,58.18,58.56,53931000
21-05-14,58.56,60.5,58.25,60.49,58992000
22-05-14,60.94,61.48,60.4,60.52,54200000
23-05-14,60.41,61.45,60.15,61.351,38294000
27-05-14,61.62,63.51,61.57,63.48,55682000
28-05-14,63.39,64.14,62.62,63.51,47795000
29-05-14,63.84,64.3,63.51,63.83,42700000
30-05-14,63.95,64.17,62.56,63.3,45253500
02-06-14,63.23,63.59,62.05,63.08,35947400
03-06-14,62.62,63.42,62.32,62.87,32217000
04-06-14,62.45,63.59,62.07,63.34,36514000
05-06-14,63.66,64.36,62.82,63.186,47352000
06-06-14,63.37,63.48,62.15,62.5,42386300
09-06-14,62.4,63.34,61.79,62.88,37573600
10-06-14,63.53,65.82,63.5,65.77,69206900
11-06-14,65.32,65.8,64.9,65.781,44158300
12-06-14,65.85,66.47,64.06,64.2901,55642800
13-06-14,64.7,64.97,63.83,64.5,29383800
16-06-14,64.16,64.88,63.75,64.19,30856800
17-06-14,64.1,64.88,63.93,64.4,27636500
18-06-14,64.49,65.75,64.05,65.6,35493200
19-06-14,65.46,65.5756,64.21,64.3415,34133800
20-06-14,64.46,64.81,63.35,64.5,46407900
23-06-14,64.32,65.66,64.22,65.37,34434000
24-06-14,65.36,67.17,65.27,65.72,57284100
25-06-14,65.58,67.48,65.57,67.44,44245500
26-06-14,68,68,66.9,67.13,47646700
27-06-14,67.31,67.7,66.84,67.6,46444300
30-06-14,67.46,67.92,67.13,67.29,27102800
01-07-14,67.58,68.44,67.39,68.06,33166100
02-07-14,68.04,68.3,65.79,66.45,41805900
03-07-14,66.855,67,65.76,66.29,25203200
07-07-14,66.3,66.57,65.12,65.29,28707100
08-07-14,65.06,65.56,62.21,62.76,68855600
09-07-14,63.41,65.12,63.15,64.97,51378000
10-07-14,63.31,65.34,63.05,64.8725,44388200
11-07-14,65.28,66.59,64.79,66.34,39167800
14-07-14,67.13,68.17,66.9,67.9,38468000
15-07-14,67.96,68.0899,66.26,67.165,44213200
16-07-14,67.54,67.94,67.07,67.66,29541600
17-07-14,67.03,67.85,66.04,66.4099,38024200
18-07-14,66.8,68.46,66.16,68.4199,42262200
21-07-14,68.81,69.96,68.5,69.4,49431600
22-07-14,69.76,69.77,68.61,69.27,40301800
23-07-14,69.74,71.33,69.61,71.29,77435900
24-07-14,75.96,76.74,74.51,74.98,124006900
25-07-14,74.99,75.67,74.662,75.19,45823100
28-07-14,75.17,75.5,73.85,74.92,41640000
29-07-14,74.72,74.92,73.4229,73.71,41126900
30-07-14,74.21,75.19,74.13,74.677,36823000
31-07-14,74,74.165,72.44,72.65,43909200
01-08-14,72.22,73.22,71.55,72.36,43456400
04-08-14,72.36,73.88,72.36,73.51,30656900
05-08-14,73.2,73.59,72.18,72.69,34820400
06-08-14,72.02,73.72,71.79,72.47,30940200
07-08-14,73,74,72.7,73.17,38093400
08-08-14,73.4,73.43,72.56,73.06,27155700
11-08-14,73.46,73.91,73.06,73.44,24544100
12-08-14,73.09,73.3301,72.22,72.83,27374400
13-08-14,73.12,74.25,73.05,73.77,29198500
14-08-14,73.97,74.38,73.69,74.296,22182800
15-08-14,74.32,74.65,73,73.63,38846600
18-08-14,74,74.72,73.96,74.59,23913200
19-08-14,74.81,75.58,74.77,75.29,26618600
20-08-14,74.97,75.18,74.62,74.81,22878000
21-08-14,74.92,75.19,74.4149,74.57,20075900
22-08-14,74.34,74.73,73.57,74.57,20874600
25-08-14,74.94,75.28,74.79,75.02,19691100
26-08-14,75,75.99,74.73,75.9601,23886100
27-08-14,75.27,75.49,74.46,74.63,36238700
28-08-14,74,74.43,73.73,73.855,21922800
29-08-14,74.3,74.82,74.01,74.82,26224300
02-09-14,75.01,76.7,74.82,76.68,34785800
03-09-14,77.14,77.48,75.6,75.83,32330200
04-09-14,75.89,76.93,75.53,75.95,26625500
05-09-14,76.1,77.38,75.598,77.26,29407300
08-09-14,77.26,78.17,77.01,77.89,28149300
09-09-14,77.59,78.17,76.2,76.67,28769300
10-09-14,76.52,77.95,76.51,77.43,29864000
11-09-14,77.13,78.36,77.05,77.92,32219000
12-09-14,78.02,78.3,77.1,77.48,26676800
15-09-14,77.15,77.25,73.43,74.58,49576900
16-09-14,73.52,76.23,73.07,76.08,37672600
17-09-14,75.96,77.25,75.57,76.43,28647200
18-09-14,76.77,77.33,76.52,77,22983300
19-09-14,77.4,78.3,76.44,77.91,76638600
22-09-14,77,77.53,75.95,76.8,31917700
23-09-14,76.33,78.63,76.04,78.29,36721000
24-09-14,78.1,78.62,77.51,78.535,30596541
25-09-14,78.6,78.94,77.13,77.22,37354970
26-09-14,77.59,78.8416,77.33,78.79,28872012
29-09-14,78.12,79.199,77.91,79,34030635
30-09-14,79.35,79.7067,78.6,79.04,35899444
01-10-14,78.78,78.82,75.9,76.55,55090157
02-10-14,76.57,77.48,75.64,77.08,36487612
03-10-14,77.76,78.06,77.26,77.44,23340173
06-10-14,77.19,77.89,76.85,77.555,25729191
07-10-14,77.05,77.95,76.24,76.29,25317488
08-10-14,76.18,77.71,75.1,77.52,32975514
09-10-14,77.28,77.7601,75.85,75.91,32487174
10-10-14,75.59,76.5,72.76,72.91,52146162
13-10-14,73.23,74.78,72.52,72.99,43937638
14-10-14,74,74.18,72.05,73.59,50299288
15-10-14,71.69,73.8,70.32,73.21,61528317
16-10-14,70.79,73.35,70.58,72.63,53529459
17-10-14,74.23,76,73.75,75.95,76341638
20-10-14,75.6,77.09,75.38,76.95,34701260
21-10-14,77.56,78.74,77.15,78.69,32252403
22-10-14,78.815,79.85,78.01,78.37,41862393
23-10-14,79.38,80.63,79.01,80.04,35055800
24-10-14,80.2,80.8183,79.32,80.67,32247520
27-10-14,80.74,80.8,79.76,80.28,30168921
28-10-14,80.18,81.16,79.57,80.77,74211768
29-10-14,75.45,76.88,74.78,75.86,106119520
30-10-14,75.05,75.35,72.9,74.11,83269554
31-10-14,74.93,75.7,74.45,74.99,44544325
03-11-14,75.47,75.52,73.7,73.88,40727330
04-11-14,74.23,75.77,73.65,75.76,39326471
05-11-14,76.51,76.8,74.42,74.83,35912588
06-11-14,74.89,75.6,74.31,75.26,21383194
07-11-14,75.39,75.855,75.02,75.6,20774381
10-11-14,75.36,75.4799,74.61,75,21575126
11-11-14,74.95,74.98,74.03,74.61,18735123
12-11-14,74.28,75.14,73.54,74.72,26536609
13-11-14,74.74,75.24,73.64,74.25,26448451
14-11-14,74.27,74.93,74.04,74.88,19476878
17-11-14,74.88,75.655,73.88,74.24,28701191
18-11-14,74.45,74.8,73.9,74.34,20696643
19-11-14,74.01,74.54,73.11,73.33,25441163
20-11-14,72.8,73.99,72.51,73.6,19154862
21-11-14,74.5,74.5,73.5,73.75,23060382
24-11-14,73.54,74.35,73.35,74.01,22103831
25-11-14,74.21,75.74,74.13,75.63,32250205
26-11-14,75.53,77.78,75.51,77.62,32721585
28-11-14,77.67,78.27,77.23,77.7,15992035
01-12-14,77.26,77.31,74.8,75.1,31789866
02-12-14,75.33,75.91,75.04,75.46,16773884
03-12-14,75.38,75.73,74.4,74.88,16689857
04-12-14,74.83,75.55,74.66,75.24,14390520
05-12-14,75.8,76.76,75.36,76.36,24306446
08-12-14,76.18,77.25,75.4,76.52,25733853
09-12-14,75.2,76.93,74.78,76.84,25358584
10-12-14,76.65,77.55,76.07,76.18,32210532
11-12-14,76.52,78.52,76.48,77.73,33492661
12-12-14,77.16,78.88,77.02,77.83,28091617
15-12-14,78.46,78.58,76.56,76.99,29396532
16-12-14,76.19,77.39,74.59,74.69,31554593
17-12-14,75.01,76.41,74.9,76.11,29203904
18-12-14,76.89,78.4,76.51,78.4,34222081
19-12-14,78.75,80,78.33,79.88,43334992
22-12-14,80.08,81.89,80,81.45,31395770
23-12-14,82.02,82.17,80.4,80.61,19865820
24-12-14,81.03,81.43,80.75,80.77,7685481
26-12-14,81.02,81.28,80.51,80.775,10647388
29-12-14,80.49,80.96,79.71,80.02,14134666
30-12-14,79.85,80.59,79.1,79.22,14370763
31-12-14,79.54,79.8,77.86,78.02,20040439
02-01-15,78.58,78.93,77.7,78.45,18177475
05-01-15,77.98,79.2455,76.86,77.19,26452191
06-01-15,77.23,77.59,75.365,76.15,27399288
07-01-15,76.76,77.36,75.82,76.15,22045333
08-01-15,76.74,78.23,76.08,78.175,23960953
09-01-15,78.2,78.62,77.2,77.74,21004109
12-01-15,77.84,78,76.21,76.72,19190194
13-01-15,77.23,78.08,75.85,76.45,25179561
14-01-15,76.42,77.2,76.0291,76.28,25918564
15-01-15,76.4,76.57,73.54,74.05,34133974
16-01-15,74.04,75.32,73.84,75.18,21791529
20-01-15,75.72,76.31,74.82,76.24,22821614
21-01-15,76.16,77.3,75.85,76.74,25096737
22-01-15,77.17,77.75,76.68,77.65,19519458
23-01-15,77.65,78.19,77.04,77.83,16746503
26-01-15,77.98,78.47,77.29,77.495,19260820
27-01-15,76.71,76.88,75.63,75.78,20109977
28-01-15,76.9,77.638,76,76.24,53306422
29-01-15,76.85,78.02,74.21,78,61293468
30-01-15,78,78.16,75.75,75.91,42649491
02-02-15,76.11,76.14,73.75,74.99,41955258
03-02-15,75.19,75.58,73.86,75.4,26957714
04-02-15,75.09,76.35,75.01,75.63,20277368
05-02-15,75.71,75.98,75.21,75.615,15062573
06-02-15,75.68,75.7,74.25,74.47,21210994
09-02-15,74.05,74.83,73.45,74.44,16194322
10-02-15,74.85,75.34,74.5,75.19,15811344
11-02-15,75.09,76.75,75.03,76.51,20877427
12-02-15,76.86,76.87,75.89,76.23,17234976
13-02-15,76.46,76.48,75.5,75.74,18621860
17-02-15,75.3,76.91,75.08,75.6,25254400
18-02-15,75.94,76.9,75.45,76.71,22426421
19-02-15,76.986,79.84,76.95,79.42,45851177
20-02-15,79.55,80.34,79.2,79.895,36931698
23-02-15,79.96,80.19,78.38,78.84,24139056
24-02-15,78.5,79.48,78.1,78.45,18897133
25-02-15,78.5,80.2,78.5,79.56,25593800
26-02-15,79.88,81.37,79.72,80.41,31111891
27-02-15,80.68,81.23,78.62,78.97,30739197
02-03-15,79,79.855,78.52,79.75,21662537
03-03-15,79.61,79.7,78.52,79.6,18634973
04-03-15,79.3,81.15,78.85,80.895,28126686
05-03-15,81.23,81.99,81.05,81.21,27825733
06-03-15,80.9,81.33,79.83,80.005,24488581
09-03-15,79.68,79.91,78.63,79.44,18925097
10-03-15,78.5,79.26,77.55,77.55,23067057
11-03-15,77.8,78.43,77.26,77.57,20215704
12-03-15,78.1,79.05,77.91,78.93,16093319
13-03-15,78.6,79.38,77.68,78.05,18557296
16-03-15,77.96,78.12,77.36,78.07,19305406
17-03-15,78.36,79.78,78.34,79.365,22169969
18-03-15,79.25,81.24,79.17,80.91,36912446
19-03-15,81.12,83,81,82.75,42099523
20-03-15,83.39,84.6,83.07,83.8,44466323
23-03-15,83.92,84.96,83.3,84.43,27357333
24-03-15,84.71,86.0699,84.52,85.31,32576522
25-03-15,85.5,85.52,82.92,82.92,37436147
26-03-15,82.72,83.77,82.14,83.01,32794800
27-03-15,83.38,83.95,82.88,83.3,18372582
30-03-15,83.81,84.34,82.41,83.195,24527686
31-03-15,82.9,83.5,82.21,82.215,19734277
01-04-15,82.5,82.72,80.87,81.665,22058167
02-04-15,82.25,82.56,81.44,81.555,19664053
06-04-15,80.8,82.81,80.8,82.44,19062934
07-04-15,82.65,83.42,82.22,82.32,17467042
08-04-15,82.63,83.1,81.84,82.275,18966732
09-04-15,82.5,82.8,81.71,82.17,15927281
10-04-15,82.21,82.61,81.91,82.04,12529738
13-04-15,81.93,83.94,81.92,83.01,26883094
14-04-15,83.17,83.69,82.44,83.515,19634173
15-04-15,83.55,83.66,82.27,82.705,22390943
16-04-15,82.47,83.07,82.15,82.31,13769687
17-04-15,81.48,82.11,80.37,80.775,24214983
20-04-15,81.54,83.15,81.24,83.09,28796761
21-04-15,84,84.49,83.54,83.62,27171852
22-04-15,84.32,84.74,83.65,84.63,45547963
23-04-15,84.1,85.59,82.41,82.41,73728080
24-04-15,82.77,82.94,81.48,81.53,29660356
27-04-15,81.87,82.93,81.63,81.91,25446032
28-04-15,81.83,81.9,80.23,80.68,23775344
29-04-15,80.01,81.39,79.52,80.465,26430258
30-04-15,80.01,80.96,78.32,78.77,28999005
01-05-15,79.24,79.76,78.11,78.99,24136358
04-05-15,79.33,79.69,78.6301,78.81,14691991
05-05-15,78.55,78.8,77.22,77.56,22311318
06-05-15,77.97,78.81,77.05,78.1,28663026
07-05-15,78,78.94,77.56,78.425,19749428
08-05-15,79.1,79.23,78.03,78.51,19943595
11-05-15,78.48,79.03,77.93,78.01,18874054
12-05-15,77.87,77.89,76.79,77.46,21285310
13-05-15,77.72,78.53,77.65,78.44,21512309
14-05-15,78.94,81.845,78.67,81.37,49437996
15-05-15,81.41,81.52,80.18,80.42,27069884
18-05-15,80.33,81.38,80.23,80.88,21613674
19-05-15,81.25,81.69,80.55,80.63,17955389
20-05-15,80.47,81.1,79.46,80.55,23056899
21-05-15,80.19,80.92,80.08,80.48,13402749
22-05-15,80.35,81.31,80.25,80.54,19567937
26-05-15,80.43,80.6,79.08,79.335,16321339
27-05-15,79.6,80.66,79.43,80.55,14160865
28-05-15,80.25,81.0745,80,80.145,11982008
29-05-15,79.95,80.07,78.88,79.19,16134580
01-06-15,79.3,80.38,78.66,80.29,18119012
02-06-15,79.76,81.35,79.56,80.445,18923300
03-06-15,81.35,82.53,81.25,82.44,31774993
04-06-15,82.14,82.95,81.51,82.05,20863877
05-06-15,81.87,82.46,81.51,82.14,16143093
08-06-15,81.82,82,80.13,80.67,16915471
09-06-15,80.6,81.19,79.32,80.67,16497538
10-06-15,80.83,82.6,80.81,82.16,21531208
11-06-15,82.31,82.9,81.36,81.83,18656811
12-06-15,81.37,82.09,81.2,81.53,11417882
15-06-15,80.55,80.93,80.07,80.71,18805087
16-06-15,80.82,81.51,80.45,81.06,13693666
17-06-15,81.76,82.22,81.34,81.79,18350287
18-06-15,81.64,83.19,81.57,82.905,26782573
19-06-15,82.83,82.98,82.12,82.51,23353194
22-06-15,83.41,84.97,83.31,84.74,29383079
23-06-15,84.96,87.97,84.76,87.88,50667853
24-06-15,87.66,89.25,87.45,88.86,41370227
25-06-15,89.26,89.4,87.835,87.98,27301967
26-06-15,88.12,88.34,86.8283,88.01,38214647
29-06-15,86.61,87.5,85.73,85.8,35957872
30-06-15,86.6,86.7,85.57,85.765,23233183
01-07-15,86.77,87.95,86.49,86.91,25260045
02-07-15,87.4,87.44,86.3401,87.285,16908781
06-07-15,86.49,88.1846,86.39,87.55,24635915
07-07-15,87.8,87.85,85.231,87.22,33059921
08-07-15,86.29,86.75,85.445,85.65,24399340
09-07-15,86.73,87.6,85.6499,85.88,23307402
10-07-15,87.35,88.22,86.77,87.95,23245873
13-07-15,88.66,90.22,88.42,90.1,29976670
14-07-15,90.46,90.8,89.65,89.68,26627849
15-07-15,90,90.99,89.42,89.76,30886601
16-07-15,90.28,90.86,89.77,90.85,21804086
17-07-15,92.55,95.39,92.54,94.97,54001635
20-07-15,95.85,98.6,95.36,97.91,54860541
21-07-15,98.95,99.24,97.1427,98.39,39453332
22-07-15,96.74,97.58,95.92,97.04,28299518
23-07-15,96.96,97.45,94.81,95.44,29418833
24-07-15,97.35,97.76,95.88,96.95,33444930
27-07-15,96.58,96.61,93.8301,94.17,38585381
28-07-15,94.84,95.56,93.31,95.29,35235993
29-07-15,96.32,97.28,94.74,96.99,64648320
30-07-15,94.91,95.81,91.8,95.21,86211323
31-07-15,94.95,96.33,93.95,94.01,46509045
03-08-15,93.53,95.08,92.8,94.14,29343117
04-08-15,93.79,94.73,93.33,94.06,20136036
05-08-15,95.25,97.09,95.18,96.44,29629221
06-08-15,97.18,98.74,94.42,95.12,42271318
07-08-15,95.38,95.4,93.61,94.3,23199145
10-08-15,95.68,95.9,93.63,94.15,21624153
11-08-15,93.73,94.76,92.9006,93.62,22491031
12-08-15,92.7,94.44,91.19,94.19,27120375
13-08-15,94.05,94.73,93.35,93.43,17451768
14-08-15,93.54,94.72,93.21,94.42,15929656
17-08-15,94.42,94.46,93.39,93.93,18313531
18-08-15,94.08,95.85,94.04,95.17,22278848
19-08-15,94.63,96.1,94.161,95.31,23251271
20-08-15,93.54,94.77,90.46,90.56,44598224
21-08-15,87.52,89.18,85.61,86.06,62778680
24-08-15,77.03,87.14,72,82.09,83710727
25-08-15,86.95,87.67,83,83,52021230
26-08-15,85.95,87.46,83.26,87.19,45124302
27-08-15,89.19,90.06,87.19,89.73,42431375
28-08-15,89.94,91.48,89.792,91.01,33215885
31-08-15,90.59,91.05,88.89,89.43,32850666
01-09-15,86.99,89.39,86.5,87.23,36097370
02-09-15,88.82,89.89,87.63,89.89,27190527
03-09-15,89.76,89.82,87.73,88.15,27048198
04-09-15,87.2,88.39,86.7,88.26,27328667
08-09-15,89.69,90.24,88.83,89.53,27012543
09-09-15,90.78,91.98,90.17,90.44,32551123
10-09-15,90.07,92.06,89.63,91.98,26437398
11-09-15,91.68,92.08,91.13,92.05,21185049
14-09-15,92.31,92.62,91.6,92.31,20127871
15-09-15,92.37,93.25,91.79,92.9,18859351
16-09-15,92.9,93.6,92.63,93.45,16321193
17-09-15,93.37,95.51,92.9,94.34,27841803
18-09-15,93.2,95.19,93.05,94.4,62299984
21-09-15,94.62,96.49,94.52,95.55,28789973
22-09-15,93.77,94.68,91.92,92.96,36888893
23-09-15,93.4,94.32,92.8,93.97,21701427
24-09-15,93.06,94.765,92.24,94.41,29105964
25-09-15,95.79,95.85,92.06,92.77,28961622
28-09-15,92.08,92.29,88.18,89.21,40914897
29-09-15,89.1,90.06,85.72,86.67,42281838
30-09-15,88.44,90.02,88.01,89.73,35159225
01-10-15,90.05,90.95,88.36,90.95,29283652
02-10-15,88.9,92.2,88.37,92.07,37881652
05-10-15,92.94,94.27,92.66,94.01,27292517
06-10-15,94.08,94.17,92.34,92.8,22488275
07-10-15,93.11,93.66,91.37,92.4,24129277
08-10-15,91.89,93.22,90.47,92.47,27290523
09-10-15,92.9,93.74,92.239,93.24,20012911
12-10-15,93.32,94.6,92.67,94.26,18449562
13-10-15,93.66,95.37,93.55,94.12,19480347
14-10-15,94.08,95.2,93.61,94.07,19253351
15-10-15,94.99,96.3,94.9,95.96,27557516
16-10-15,96.18,97.59,95.35,97.54,25412856
19-10-15,97.18,98.57,96.92,98.47,23729924
20-10-15,98.73,99.59,96.56,97,30881777
21-10-15,97.37,98.18,96.47,97.11,22003730
22-10-15,97.79,99.73,97.55,99.67,26392075
23-10-15,101.91,102.85,100.16,102.19,42809661
26-10-15,102.2,103.81,101.55,103.77,25961212
27-10-15,102.94,104.1,102.4,103.7,23795472
28-10-15,103.9,104.48,102.92,104.2,24081515
29-10-15,103.96,105.12,103.52,104.88,20316691
30-10-15,104.51,104.72,101.65,101.97,33487104
02-11-15,102.46,103.47,101.18,103.31,24003944
03-11-15,103.22,103.65,102.4,102.58,21242341
04-11-15,103.19,104.14,102.48,103.94,43469308
05-11-15,108.8,110.65,107.95,108.76,63232861
06-11-15,108.04,108.74,105.91,107.095,35084342
09-11-15,107,108.25,105.86,106.49,26383540
10-11-15,105.96,108.15,105.24,107.91,25031681
11-11-15,108.27,109.87,107.11,109.01,25057099
12-11-15,108.48,109.39,108,108.02,20924674
13-11-15,107.71,108.25,103.83,103.95,30278403
16-11-15,103.32,104.17,100.47,104.04,49309167
17-11-15,104.62,106.2,104.14,105.13,26774146
18-11-15,105.8,107.88,105.39,107.77,23836526
19-11-15,107.36,107.73,105.95,106.26,25520599
20-11-15,106.84,107.87,106.62,107.32,22129648
23-11-15,107.19,107.468,106.08,106.95,19897220
24-11-15,106,106.49,104.39,105.74,23577293
25-11-15,106.33,106.6,105.1,105.41,15150785
27-11-15,105.78,105.96,104.86,105.45,5913066
30-11-15,105.84,106.0999,103.75,104.24,20383179
01-12-15,104.83,107.15,104.5,107.12,22781868
02-12-15,107,107.92,105.79,106.07,24429063
03-12-15,106.27,106.85,103.35,104.38,23236485
04-12-15,104.81,107.73,104.11,106.18,21224721
07-12-15,106.48,106.83,104.66,105.61,15474890
08-12-15,104,106.91,103.95,106.49,20401791
09-12-15,106.18,106.44,103.55,104.6,23517268
10-12-15,105.05,106.4,104.41,105.42,17454312
11-12-15,104.15,104.34,101.91,102.12,26427727
14-12-15,102.285,104.74,101.46,104.66,24813496
15-12-15,105.3,105.8,104.28,104.55,21764331
16-12-15,105.37,107.09,104.19,106.79,22680547
17-12-15,107.49,107.75,106.13,106.22,21675686
18-12-15,106.08,106.59,103.97,104.04,35994199
21-12-15,104.91,105.15,103.6,104.77,16138786
22-12-15,105.22,105.6601,104.81,105.51,14597122
23-12-15,105.89,106.11,103.86,104.63,19599673
24-12-15,104.74,105.32,104.5,105.02,6512134
28-12-15,105.02,105.98,104.53,105.93,13069733
29-12-15,106.42,107.74,106.25,107.26,17179901
30-12-15,107,107.25,106.06,106.22,13115007
31-12-15,106,106.17,104.62,104.66,18391064
04-01-16,101.95,102.24,99.75,102.22,37912403
05-01-16,102.89,103.7099,101.665,102.73,23258238
06-01-16,101.13,103.77,100.9,102.97,25096183
07-01-16,100.5,101.43,97.3,97.92,45172906
08-01-16,99.88,100.5,97.0311,97.33,35402298
11-01-16,97.91,98.6,95.39,97.51,29932385
12-01-16,99,99.96,97.55,99.37,28395390
13-01-16,100.58,100.58,95.21,95.44,33410553
14-01-16,95.85,98.87,92.45,98.37,48658623
15-01-16,93.98,96.38,93.54,94.97,46132781
19-01-16,96.53,97.42,93.92,95.26,30998256
20-01-16,92.83,95,89.37,94.35,59051429
21-01-16,94.91,95.99,92.62,94.16,30518939
22-01-16,96.41,98.07,95.49,97.94,30495387
25-01-16,98.72,99.48,96.93,97.01,32482015
26-01-16,97.76,97.88,95.66,97.34,26877080
27-01-16,97.79,97.85,94.23,94.45,58699359
28-01-16,107.2,110.34,104.81,109.11,107475327
29-01-16,108.99,112.84,108.84,112.21,62739548
01-02-16,112.27,115.72,112.01,115.09,46132726
02-02-16,114.8,117.59,113.2,114.61,59778571
03-02-16,115.27,115.3407,109.75,112.69,56919324
04-02-16,111.8,111.94,109.25,110.49,38890199
05-02-16,109.51,109.58,103.18,104.07,76894741
08-02-16,100.41,102.68,97.46,99.75,71229746
09-02-16,97.14,102.4,96.82,99.54,62709018
10-02-16,101.55,103.25,100.24,101,45179370
11-02-16,99.6,105.11,98.88,101.91,43670634
12-02-16,103.74,104.24,101.09,102.01,36176760
16-02-16,103.8,103.93,100.24,101.61,45687224
17-02-16,101.94,105.72,100.4,105.2,44073369
18-02-16,105.8,106,103.03,103.47,29593508
19-02-16,102.55,105.02,102.06,104.57,32404516
22-02-16,105.49,108.25,105.34,107.16,35709714
23-02-16,106.85,107.47,105.12,105.46,25319315
24-02-16,104.21,106.95,102.74,106.88,34412437
25-02-16,107.11,108.07,105.61,108.07,29906278
26-02-16,108.7,109.45,107.16,107.92,26686193
29-02-16,107.6,108.9101,106.75,106.92,32778992
01-03-16,107.83,109.82,107.6,109.82,26817309
02-03-16,109.68,110.55,108.77,109.95,25670170
03-03-16,110.25,110.3,108.54,109.58,21353092
04-03-16,110.05,110.05,107.93,108.39,24938858
07-03-16,108.07,108.07,104.72,105.73,31534055
08-03-16,104.78,107.37,104.4,105.93,25204666
09-03-16,106.7,107.51,105.49,107.51,20493305
10-03-16,107.91,108.66,105.7699,107.32,24854284
11-03-16,108.48,109.42,107.92,109.41,20697553
14-03-16,109.28,110.33,108.77,109.89,17249365
15-03-16,109.11,110.83,108.84,110.67,17618460
16-03-16,110.49,112.5,110.1,112.18,24744778
17-03-16,112.15,112.69,110.73,111.02,24241247
18-03-16,111.56,112.42,110.27,111.45,36256877
21-03-16,111.66,112.37,111.03,111.85,18447974
22-03-16,111.36,112.88,111.17,112.25,19001076
23-03-16,112.01,113.19,112,112.54,18561974
24-03-16,112.13,113.09,111.68,113.05,17839119
28-03-16,113.32,114.5889,112.95,113.69,21351751
29-03-16,113.83,116.32,113.64,116.14,29825340
30-03-16,116.73,116.99,114.355,114.7,33235184
31-03-16,114.7,115.01,113.7682,114.1,21207526
01-04-16,113.75,116.17,113.35,116.06,24760504
04-04-16,114.07,114.55,111.61,112.55,48487913
05-04-16,112.11,113.32,111.9,112.22,22962365
06-04-16,112.47,113.81,112.42,113.71,20814640
07-04-16,113.79,114.89,113.0663,113.64,20714537
08-04-16,114.25,114.33,109.9,110.63,48497808
11-04-16,110.7,110.91,108.77,108.99,39762304
12-04-16,109.34,111.1645,108.99,110.61,26248081
13-04-16,112.23,112.65,106.52,110.51,88227393
14-04-16,110.62,112.04,110.26,110.84,28473322
15-04-16,110.79,110.97,109.2,109.64,20922803
18-04-16,109.74,110.81,109.2,110.45,21167199
19-04-16,111.1,112.45,109.16,112.29,30210455
20-04-16,112.43,113.27,111.56,112.42,21027901
21-04-16,112.55,114.04,112.31,113.44,20875230
22-04-16,111.21,111.75,109.01,110.56,38458201
25-04-16,109.87,110.67,109.07,110.1,21017895
26-04-16,110.49,110.5,108.15,108.76,22521534
27-04-16,107.94,108.94,106.31,108.89,52213107
28-04-16,119.575,120.79,116.23,116.73,87110080
29-04-16,116.82,117.84,115.84,117.58,37140594
02-05-16,117.83,118.73,116.57,118.57,28095168
03-05-16,117.52,118.16,117.02,117.43,24117463
04-05-16,116.61,118.3,116.57,118.06,23448440
05-05-16,118.04,118.98,117.25,117.81,22056749
06-05-16,117.16,119.637,117.1127,119.49,26395568
09-05-16,119.54,120.28,118.9,119.24,21138059
10-05-16,119.62,120.5,114.8,120.5,23220046
11-05-16,120.41,121.08,119.42,119.52,22038396
12-05-16,119.98,120.84,118.9,120.28,22035465
13-05-16,120.38,120.64,119.68,119.81,18124286
16-05-16,119.38,119.61,117.35,118.67,31247834
17-05-16,118.82,119.01,117.2,117.35,21328648
18-05-16,116.8,118.27,116.73,117.65,21642299
19-05-16,117.05,117.49,115.88,116.81,20544109
20-05-16,116.96,117.99,116.95,117.35,18944831
23-05-16,117.42,117.6,115.94,115.97,20441004
24-05-16,116.24,117.73,116.12,117.7,20183627
25-05-16,118.13,118.665,117.38,117.89,20035494
26-05-16,118.24,119.7601,117.92,119.47,18481340
27-05-16,119.56,119.85,119.01,119.38,13493563
31-05-16,119.46,120.1,118.121,118.81,23547597
01-06-16,118.5,119.08,117.82,118.78,15029494
02-06-16,118.69,135.6,118.22,118.93,13228310
03-06-16,118.975,118.98,117.86,118.47,14135114
06-06-16,118.62,119.43,118.36,118.79,12744676
07-06-16,119.24,119.3,117.67,117.76,17103023
08-06-16,117.76,118.6,117.27,118.39,14505596
09-06-16,118.13,118.68,117.71,118.56,13859240
10-06-16,117.54,118.11,116.26,116.62,18510826
13-06-16,115,115.48,113.31,113.95,31718239
14-06-16,114.07,114.95,113.58,114.94,17618479
15-06-16,115.3,115.44,114.07,114.6,19819432
16-06-16,113.87,114.5,112.94,114.39,19236255
17-06-16,114.42,114.43,112.56,113.02,24644308
20-06-16,113.77,114.72,112.75,113.37,20785390
21-06-16,114.12,115.2142,113.97,114.38,19166269
22-06-16,114.65,114.74,113.61,113.91,14846329
23-06-16,114.37,115.09,113.54,115.08,16176895
24-06-16,111.01,113.68,111,112.08,40643130
27-06-16,111.57,111.57,108.23,108.97,36409606
28-06-16,110.63,112.75,110.55,112.7,26813842
29-06-16,113.37,114.25,113.04,114.16,20968273
30-06-16,114.67,115.18,113.67,114.28,23192716
01-07-16,114.2,115.13,113.81,114.19,14980023
05-07-16,113.94,114.11,112.97,114,14207037
06-07-16,113.36,116.79,112.97,116.7,24337586
07-07-16,116.63,116.97,115.36,115.85,16630201
08-07-16,116.43,117.5,115.85,117.24,18142597
11-07-16,117.71,118.7,117.5,117.87,17711570
12-07-16,118.63,118.72,117.57,117.93,15217700
13-07-16,118.39,118.4,116.68,116.78,16207662
14-07-16,117.5,117.64,116.7,117.29,14579736
15-07-16,117.74,118.28,116.58,116.86,16645964
18-07-16,117.32,119.61,116.89,119.37,20868367
19-07-16,118.99,120.85,118.66,120.61,21541292
20-07-16,121.25,122.2,120.56,121.92,20046452
21-07-16,121.92,122.1,120.25,120.61,17801663
22-07-16,119.9,121.01,119.31,121,18422410
25-07-16,121.39,121.85,117.78,121.63,18487449
26-07-16,122,122.07,120.75,121.22,17611964
27-07-16,122.42,125,121.51,123.34,52654239
28-07-16,127.52,128.33,123.63,125,78955758
29-07-16,124.65,125.84,123.71,123.94,35058803
01-08-16,123.85,124.58,122.86,124.31,25006850
02-08-16,124.06,124.8,122.07,123.09,23968414
03-08-16,123.09,123.92,122.31,122.51,18525332
04-08-16,122.94,124.79,122.51,124.36,21065974
05-08-16,124.98,125.835,124.6184,125.15,20184035
08-08-16,125.25,125.45,124.55,125.26,15233929
09-08-16,125.34,126.09,124.53,125.06,19620967
10-08-16,125.07,125.48,124.54,124.88,10670148
11-08-16,125.2,125.38,124.75,124.9,11729519
12-08-16,124.7,125,124.18,124.88,12158955
15-08-16,124.91,124.92,123.7,123.9,19295130
16-08-16,123.5,123.92,122.78,123.3,14222410
17-08-16,123.66,124.38,122.85,124.37,13794179
18-08-16,124.01,124.26,123.64,123.91,12400816
19-08-16,123.6,124.157,123.28,123.56,11688265
22-08-16,123.33,124.83,123.11,124.15,14386361
23-08-16,124.51,125.09,124.25,124.37,13309452
24-08-16,124.47,124.69,123.09,123.48,12243719
25-08-16,123.12,124.37,123.1,123.89,10730811
26-08-16,124.05,125.19,123.91,124.96,17504825
29-08-16,124.35,126.73,124.35,126.54,15925900
30-08-16,126.6,126.6,125.15,125.84,17804286
31-08-16,125.6,126.22,125.1,126.12,14200636
01-09-16,126.38,126.63,125.6,126.17,13536125
02-09-16,126.85,126.86,126,126.51,12118773
06-09-16,126.67,129.94,126.47,129.73,26278407
07-09-16,130.04,131.98,129.95,131.05,27990796
08-09-16,130.92,131.08,129.81,130.27,15676595
09-09-16,129.71,129.949,127.1,127.1,27100679
12-09-16,125.96,128.76,125.75,128.69,21252752
13-09-16,128.03,128.35,126.66,127.21,18016152
14-09-16,126.89,128.8,126.89,127.77,15720388
15-09-16,127.98,129.1,127.67,128.35,15111838
16-09-16,128.2,129.18,128.2,129.07,24119174
19-09-16,129.91,129.94,128.26,128.65,14958794
20-09-16,128.65,129.17,128.0307,128.64,11083808
21-09-16,129.13,130.005,128.39,129.94,14068336
22-09-16,130.5,130.73,129.56,130.08,15538307
23-09-16,127.56,128.6,127.3,127.96,28326266
26-09-16,127.37,128.16,126.8,127.31,15064940
27-09-16,127.61,129.01,127.43,128.69,15637111
28-09-16,129.21,129.47,128.4,129.23,12047636
29-09-16,129.18,129.29,127.55,128.09,14532241
30-09-16,128.03,128.59,127.45,128.27,18402945
03-10-16,128.38,129.09,127.8,128.77,13156943
04-10-16,129.17,129.2765,127.5499,128.19,14307548
05-10-16,128.25,128.8,127.83,128.47,12386753
06-10-16,128.43,129.06,128.08,128.74,11682729
07-10-16,129.04,129.25,128.33,128.99,12804420
10-10-16,129.68,130.7,129.2,130.24,15138720
11-10-16,130.23,130.64,128.23,128.88,17537928
12-10-16,129.01,129.66,128.46,129.05,11072991
13-10-16,128.21,128.25,126.75,127.82,17139306
14-10-16,128.49,128.95,127.58,127.88,13345292
17-10-16,128.2,128.47,127.32,127.54,11351681
18-10-16,128.68,129.39,128.01,128.57,13503967
19-10-16,128.74,130.47,128.6,130.11,16752321
20-10-16,130.07,130.66,129.5,130,13167503
21-10-16,129.78,132.13,129.7,132.07,19088794
24-10-16,132.72,133.405,132.15,133.28,17470227
25-10-16,133.5,133.5,132.22,132.29,13336787
26-10-16,131.64,132.26,130.935,131.04,13084731
27-10-16,131.74,131.8,129.27,129.69,16741393
28-10-16,130.5,132.97,129.93,131.29,24545547
31-10-16,132.01,132.12,130.8835,130.99,15668982
01-11-16,131.41,131.94,128.65,129.5,22077779
02-11-16,130.23,130.23,126.28,127.17,50190225
03-11-16,122,123.28,119.5,120,63766259
04-11-16,119.59,121.93,119.25,120.75,30545466
07-11-16,122.83,123.2089,121.35,122.15,23008880
08-11-16,122.03,124.61,121.54,124.22,19460768
09-11-16,121.5,123.81,120.51,123.18,31916020
10-11-16,123.93,124.18,115.27,120.8,67846704
11-11-16,120.44,120.7,118.15,119.02,32840137
14-11-16,119.1256,119.1256,113.5535,115.08,51377040
15-11-16,116.73,118.49,115.83,117.2,34681369
16-11-16,117.2,117.88,114.21,116.34,32397947
17-11-16,116.84,117.79,116.01,117.79,18597766
18-11-16,118.39,119.13,116.84,117.02,22879303
21-11-16,118.39,121.95,117.8,121.77,35415366
22-11-16,122.4,122.98,120.9,121.47,26089163
23-11-16,121.23,121.31,119.94,120.84,15672136
25-11-16,121.01,121.14,120.07,120.38,8658605
28-11-16,120.12,121.69,119.82,120.41,18101314
29-11-16,120.57,122.1,120.4,120.87,18890956
30-11-16,120.32,121.79,117.95,118.42,30188922
01-12-16,118.38,118.45,114,115.1,43276994
02-12-16,115.11,116.48,114.3,115.4,25070364
05-12-16,115.95,117.57,115.07,117.43,20201528
06-12-16,117.69,117.795,116.33,117.31,19131202
07-12-16,117,117.95,116.57,117.95,21913658
08-12-16,117.98,119.5,117.64,118.91,22442756
09-12-16,119.22,119.94,118.95,119.68,17464736
12-12-16,119.22,119.24,117.65,117.77,17805527
13-12-16,117.86,121.52,117.61,120.31,29768028
14-12-16,120,121.69,118.85,120.21,25913095
15-12-16,120.08,122.5,119.63,120.57,20139568
16-12-16,120.9,121.5,119.27,119.87,25324299
19-12-16,119.85,120.36,118.51,119.24,15918146
20-12-16,119.5,119.77,118.8,119.09,13684402
21-12-16,118.92,119.2,118.48,119.04,10767646
22-12-16,118.86,118.99,116.93,117.4,16258587
23-12-16,117,117.56,116.3,117.27,10889985
27-12-16,116.96,118.68,116.864,118.01,12051481
28-12-16,118.19,118.25,116.65,116.92,12087377
29-12-16,117,117.531,116.06,116.35,9934873
30-12-16,116.595,116.83,114.7739,115.05,18684106
03-01-17,116.03,117.84,115.51,116.86,20663912
04-01-17,117.55,119.66,117.29,118.69,19630932
05-01-17,118.86,120.95,118.3209,120.67,19492150
06-01-17,120.98,123.88,120.03,123.41,28545263
09-01-17,123.55,125.43,123.04,124.9,22880360
10-01-17,124.82,125.5,124.28,124.35,17324590
11-01-17,124.35,126.12,124.06,126.09,18356523
12-01-17,125.61,126.73,124.8,126.62,18653914
13-01-17,127.49,129.27,127.37,128.34,24884325
17-01-17,128.04,128.34,127.4,127.87,15294460
18-01-17,128.41,128.43,126.84,127.92,13145852
19-01-17,128.23,128.35,127.45,127.55,12195465
20-01-17,128.1,128.48,126.78,127.04,19097223
23-01-17,127.31,129.25,126.95,128.93,16593563
24-01-17,129.38,129.9,128.38,129.37,15162724
25-01-17,130,131.74,129.77,131.48,18777314
26-01-17,131.63,133.14,131.4401,132.78,20020141
27-01-17,132.68,132.95,131.08,132.18,19539514
30-01-17,131.58,131.58,129.6,130.98,18956095
31-01-17,130.17,130.66,129.5157,130.32,19790484
01-02-17,132.25,133.49,130.68,133.23,50139775
02-02-17,133.22,135.49,130.4,130.84,54366447
03-02-17,131.24,132.85,130.76,130.98,24804890
06-02-17,130.98,132.06,130.3,132.06,17058494
07-02-17,132.24,133,131.661,131.84,14596449
08-02-17,132.6,134.44,132.44,134.2,22390556
09-02-17,134.49,134.5,133.31,134.14,16470609
10-02-17,134.1,134.94,133.68,134.19,15061939
13-02-17,134.6975,134.6975,133.7,134.05,13526221
14-02-17,134.1,134.23,132.55,133.85,14364877
15-02-17,133.45,133.7,132.66,133.44,13226534
16-02-17,133.07,133.87,133.022,133.84,12831092
17-02-17,133.5,134.0912,133.17,133.53,12276490
21-02-17,133.5,133.91,132.9,133.72,14759109
22-02-17,133.6,136.79,133.46,136.12,27360092
23-02-17,135.89,136.12,134.33,135.36,18422549
24-02-17,134.16,135.62,134.16,135.44,12625742
27-02-17,135.26,137.1846,135.02,136.41,14306668
28-02-17,136.79,136.805,134.75,135.54,16112092
01-03-17,136.47,137.48,136.3,137.42,16257010
02-03-17,137.09,137.82,136.31,136.76,12294804
03-03-17,136.63,137.33,136.08,137.17,11160563
06-03-17,136.88,137.83,136.51,137.42,12748179
07-03-17,137.03,138.37,136.99,137.3,13527132
08-03-17,137.15,137.99,137.0516,137.72,10184514
09-03-17,137.72,138.57,137.4,138.24,15535259
10-03-17,138.91,139.49,138.22,138.79,16314113
13-03-17,138.71,139.68,138.6729,139.6,10955450
14-03-17,139.46,139.46,138.52,139.32,12944018
15-03-17,139.29,140.1,138.49,139.72,19344826
16-03-17,140.2,140.25,139.73,139.99,13612942
17-03-17,140.34,140.34,139.7,139.84,20592818
20-03-17,139.71,140.19,139.25,139.94,12099471
21-03-17,141.15,142.3082,138.4,138.51,29894784
22-03-17,137.93,139.79,137.6,139.59,17055449
23-03-17,139.48,140.39,139.09,139.53,13022801
24-03-17,140.08,141.0244,139.76,140.34,16664683
27-03-17,139.05,140.65,138.77,140.32,12800544
28-03-17,140.36,141.95,140.01,141.76,14679436
29-03-17,141.99,142.86,141.43,142.65,16527574
30-03-17,142.4,142.95,141.85,142.41,12403997
31-03-17,142.31,142.63,141.89,142.05,11478265
03-04-17,141.93,142.47,140.82,142.28,13563960
04-04-17,141.86,142.09,141.27,141.73,12948599
05-04-17,142.26,143.44,141.29,141.85,17158059
06-04-17,142.11,142.22,140.91,141.17,15103426
07-04-17,141.2,141.55,140.24,140.78,11811439
10-04-17,141,141.43,140.63,141.04,9039366
11-04-17,140.8,141.0299,138.81,139.92,16638087
12-04-17,139.72,140.4,139.44,139.58,11612456
13-04-17,139.62,140.58,139.33,139.39,10965614
17-04-17,139.76,141.55,139.75,141.42,11519663
18-04-17,141.27,141.905,140.61,140.96,14807472
19-04-17,141.35,143.04,141.27,142.27,15563945
20-04-17,142.95,144.25,142.689,143.8,15968164
21-04-17,143.9,144.17,142.27,143.68,12382002
24-04-17,144.96,145.6738,144.34,145.47,14397448
25-04-17,145.79,147.15,145.7898,146.49,17767523
26-04-17,147.09,147.59,146.09,146.56,12394959
27-04-17,146.67,147.75,146.14,147.7,11275112
28-04-17,149.5,151.53,149.07,150.25,30652248
01-05-17,151.74,152.57,151.42,152.46,25218300
02-05-17,153.34,153.44,151.66,152.78,21870380
03-05-17,153.6,153.6,151.34,151.8,29782492
04-05-17,150.17,151.52,148.72,150.85,36225452
05-05-17,151.45,151.63,149.79,150.24,17148543
08-05-17,150.71,151.08,149.74,151.06,15827488
09-05-17,151.49,152.59,150.21,150.48,17453859
10-05-17,150.23,150.52,148.86,150.29,12080650
11-05-17,150.31,150.65,149.41,150.04,11841864
12-05-17,150.4,150.46,149.63,150.33,9598229
15-05-17,150.17,151.48,149.77,150.19,15064664
16-05-17,150.11,150.21,149.03,149.78,14550830
17-05-17,148,148.67,144.4216,144.85,28300050
18-05-17,144.72,148.15,144.51,147.66,23031566
19-05-17,148.445,149.39,147.96,148.06,16187892
22-05-17,148.08,148.59,147.69,148.24,12586712
23-05-17,148.52,148.81,147.25,148.07,12817837
24-05-17,148.51,150.23,148.42,150.04,17940668
25-05-17,150.3,152.59,149.95,151.96,19891352
26-05-17,152.23,152.25,151.15,152.13,14996185
30-05-17,151.97,152.9,151.64,152.38,13226007
31-05-17,152.7,153.35,151.09,151.46,18023917
01-06-17,151.75,152.29,150.3,151.53,14530600
02-06-17,151.85,153.63,151.3,153.61,16854365
05-06-17,153.64,154.7088,153.41,153.63,12520387
06-06-17,153.41,154.52,152.48,152.81,13457119
07-06-17,153.27,153.75,152.34,153.12,12066657
08-06-17,154.08,154.73,153.1,154.71,17799449
09-06-17,154.77,155.59,146.61,149.6,35577676
12-06-17,148.17,149.195,144.56,148.44,33170180
13-06-17,150.15,151.18,148.9,150.68,20483350
14-06-17,151.26,152.4,149.05,150.25,20808759
15-06-17,147.67,150.0366,146.3747,149.8,18994152
16-06-17,149.59,150.83,148.6,150.64,22882417
19-06-17,151.71,153.57,151.71,152.87,19026462
20-06-17,152.88,153.84,152.21,152.25,14743853
21-06-17,152.36,154.08,151.88,153.91,15039834
22-06-17,153.01,154.55,152.91,153.4,13005535
23-06-17,152.72,155.2,152.65,155.07,18026977
26-06-17,156.25,156.5,153.1954,153.59,18049651
27-06-17,152.84,153.31,150.39,150.58,19360766
28-06-17,150.92,153.47,149.86,153.24,16719104
29-06-17,152.28,152.5,148.9175,151.04,23973482
30-06-17,151.9,151.92,150.06,150.98,17666022
03-07-17,151.72,152.15,147.8,148.43,13862735
05-07-17,149,150.85,148.13,150.34,14334290
06-07-17,149.03,150.04,148,148.82,14951802
07-07-17,149.25,151.99,149.19,151.44,13615931
10-07-17,151.69,153.98,151.51,153.5,13378672
11-07-17,153.37,155.4225,152.91,155.27,13667744
12-07-17,156.49,159.16,156.2,158.9,22739388
13-07-17,158.74,159.78,158.4227,159.26,13929236
14-07-17,160.13,160.32,159.3254,159.97,16371207
17-07-17,160.25,160.78,158.81,159.73,12858836
18-07-17,159.66,163.73,159.42,162.86,23722910
19-07-17,163.59,165.7,163.17,164.14,26273642
20-07-17,164.8,165,162.81,164.53,18523107
21-07-17,164.16,165.05,163.75,164.43,14744002
24-07-17,164.64,166.17,164.31,166,17366971
25-07-17,165.01,165.54,163.8619,165.28,15383241
26-07-17,166.01,166.01,164.1,165.61,35236867
27-07-17,174.7,175.49,167.5,170.44,68910708
28-07-17,169.07,173.43,169.05,172.45,24557553
31-07-17,172,172.72,168.55,169.25,25478945
01-08-17,169.82,170.47,169.05,169.86,14384957
02-08-17,170.3,170.55,166.91,169.3,17433774
03-08-17,169.3,169.7,168.25,168.59,10793841
04-08-17,168.97,170.06,168.69,169.62,10777727
07-08-17,169.95,172.06,169.66,171.98,12787844
08-08-17,171.88,173.05,170.62,171.23,14393524
09-08-17,169.98,171.45,169.56,171.18,10814984
10-08-17,170.06,170.59,166.85,167.4,20832746
11-08-17,167.95,168.82,166.85,168.08,13791153
14-08-17,170.09,171.08,169.29,170.75,12954231
15-08-17,171.49,171.5,170.01,171,8729172
16-08-17,171.25,171.38,169.24,170,15779924
17-08-17,169.34,169.86,166.85,166.91,17216030
18-08-17,166.84,168.67,166.21,167.41,15093638
21-08-17,167.16,168,165.82,167.78,11907488
22-08-17,168.28,169.87,167.15,169.64,11390975
23-08-17,168.84,169.36,168.2,168.71,9856473
24-08-17,168.88,169.29,166.41,167.74,14030420
25-08-17,167.86,168.38,166.18,166.32,12614477
28-08-17,166.91,167.7,166.33,167.24,8553741
29-08-17,165.25,168.425,165,168.05,11120986
30-08-17,168.17,170.18,167.63,169.92,11138293
31-08-17,170.4,172.145,170.06,171.97,17226465
01-09-17,172.4,172.915,171.31,172.02,11677589
05-09-17,171.27,172.3875,169.55,170.72,13221127
06-09-17,170.91,172.48,169.57,172.09,13906342
07-09-17,171.94,173.3067,170.27,173.21,18049527
08-09-17,173.09,173.49,170.8,170.95,10998459
11-09-17,172.4,173.89,172.2,173.51,12372040
12-09-17,173.76,174,171.75,172.96,11186328
13-09-17,173.01,173.17,172.06,173.05,9119295
14-09-17,172.26,172.28,170.5,170.96,15615654
15-09-17,170.88,172.34,170.26,171.64,15660539
18-09-17,171.99,172.07,169.34,170.01,12954013
19-09-17,170.62,172.56,170.36,172.52,13168595
20-09-17,172.5,173.05,170.7,172.17,12264125
21-09-17,171.69,172.27,170.01,171.11,11161412
22-09-17,170.21,171.73,169.22,170.54,12097138
25-09-17,169.24,169.3,161.56,162.87,41251583
26-09-17,164.5,165.5,162.78,164.21,23363335
27-09-17,165.9,168.34,165.57,167.68,19242548
28-09-17,167.94,169.0696,167.16,168.73,12178747
29-09-17,168.83,171.66,168.81,170.87,15340366
02-10-17,171.39,171.87,168.75,169.47,13392280
03-10-17,169.3,170.73,169.2,169.96,8190273
04-10-17,169.83,170.67,168.29,168.42,12127887
05-10-17,169.18,171.31,168.6,171.24,14580628
06-10-17,170.25,172.37,169.75,172.23,13124473
09-10-17,172.7,174.88,172,172.5,14570413
10-10-17,173,173.2,170.8,171.59,11341081
11-10-17,171.95,172.78,171.4,172.74,11283663
12-10-17,172.61,173.85,172.29,172.55,10351044
13-10-17,173.45,174.65,173.2,173.74,13658307
16-10-17,174.49,175,174.06,174.52,11498752
17-10-17,174.71,176.13,174.36,176.11,15990079
18-10-17,176.65,176.74,175.75,176.03,12752351
19-10-17,174.93,176.03,172.63,174.56,14048350
20-10-17,175.5,175.88,174.63,174.98,12602238
23-10-17,175.2,175.34,171.25,171.27,13852658
24-10-17,172.3,173.24,171.5,171.8,12267913
25-10-17,171.9,172.25,168.89,170.6,15868197
26-10-17,171.38,172.285,170.39,170.63,11833141
27-10-17,174.15,178.21,173.9,177.88,30285281
30-10-17,179.26,180.69,177.61,179.87,24353160
31-10-17,180.57,180.8,178.94,180.06,20174231
01-11-17,182.36,182.9,180.57,182.66,40918341
02-11-17,180.63,181.94,177.34,178.92,35529893
03-11-17,179.29,179.86,176.71,178.92,17822131
06-11-17,178.56,180.45,178.31,180.17,13312741
07-11-17,180.5,180.7478,178.96,180.25,12928182
08-11-17,179.79,180.35,179.11,179.56,10873359
09-11-17,178.31,179.4,177.09,179.3,12557573
10-11-17,178.35,179.0999,177.96,178.46,11070189
13-11-17,177.5,179.04,177.3,178.77,9523447
14-11-17,178.13,178.97,177.18,178.07,9585868
15-11-17,176.66,178.57,176.4,177.95,10253667
16-11-17,178.76,179.83,178.5,179.59,15607582
17-11-17,179.3,179.98,178.9,179,13017980
20-11-17,178.87,179.5,178.1,178.74,10052391
21-11-17,179.15,181.89,178.99,181.86,14503990
22-11-17,181.3,181.73,180.44,180.87,10376329
24-11-17,180.4,183.15,180.29,182.78,9426283
27-11-17,182.56,183.73,181.99,183.03,12344516
28-11-17,183.51,184.25,182.09,182.42,14379674
29-11-17,181.89,181.97,174,175.13,41933484
30-11-17,176.85,178.275,175.2,177.18,25307601
01-12-17,176.03,177.48,172.34,175.1,20182523
04-12-17,176.29,176.57,170.79,171.47,24459422
05-12-17,170.45,175.38,169.01,172.83,20184908
06-12-17,172.5,176.77,171.9,176.06,20255846
07-12-17,175.8,180.39,175.8,180.14,20404533
08-12-17,181.53,182.28,178.7401,179,19883764
11-12-17,179.3,180.22,178.8,179.04,13168575
12-12-17,178.6,179.18,176.6,176.96,16854098
13-12-17,177.3,179.16,177.25,178.3,14615718
14-12-17,178.29,180.3601,177.68,178.39,13590999
15-12-17,179.02,180.4934,178.36,180.18,28463101
18-12-17,181.01,181.3,179.75,180.82,17265376
19-12-17,179.95,180.08,178.22,179.51,14920582
20-12-17,179.81,179.81,177.36,177.89,11860497
21-12-17,177.94,178.68,177.05,177.45,11600700
22-12-17,177.14,177.53,176.23,177.2,8509451
26-12-17,176.63,177,174.67,175.99,8897286
27-12-17,176.55,178.44,176.26,177.62,9496071
28-12-17,177.95,178.9367,177.68,177.92,12220760
29-12-17,178,178.85,176.46,176.46,10261456
02-01-18,177.68,181.58,177.55,181.42,18151903
03-01-18,181.88,184.78,181.33,184.67,16886563
04-01-18,184.9,186.21,184.0996,184.33,13880896
05-01-18,185.59,186.9,184.93,186.85,13574535
08-01-18,187.2,188.9,186.33,188.28,17994726
09-01-18,188.7,188.8,187.1,187.87,12393057
10-01-18,186.94,187.89,185.63,187.84,10529894
11-01-18,188.4,188.4,187.38,187.77,9588587
12-01-18,178.06,181.48,177.4,179.37,77551299
16-01-18,181.5,181.75,178.04,178.39,36183842
17-01-18,179.26,179.32,175.8,177.6,27992376
18-01-18,178.13,180.98,177.08,179.8,23304901
19-01-18,180.85,182.37,180.1702,181.29,26826540
22-01-18,180.8,185.39,180.41,185.37,21059464
23-01-18,186.05,189.55,185.55,189.35,25678781
24-01-18,189.89,190.66,186.52,186.55,24334548
25-01-18,187.95,188.62,186.6,187.48,17377740
26-01-18,187.75,190,186.81,190,17759212
29-01-18,188.75,188.84,185.6301,185.98,20453172
30-01-18,183.01,188.18,181.84,187.12,20858556
31-01-18,188.37,189.83,185.22,186.89,43275144
01-02-18,188.22,195.32,187.89,193.09,54211293
02-02-18,192.04,194.21,189.98,190.28,26677484
05-02-18,186.93,190.61,180.61,181.26,33128206
06-02-18,178.57,185.77,177.74,185.31,37758505
07-02-18,184.15,185.0817,179.95,180.18,27601886
08-02-18,181.01,181.84,171.4815,171.58,38478321
09-02-18,174.76,176.9,167.18,176.11,39887626
12-02-18,177.06,177.545,171.84,176.41,32092133
13-02-18,175.62,175.97,173.1,173.15,21809350
14-02-18,173.45,179.81,173.2119,179.52,28929704
15-02-18,180.5,180.5,176.84,179.96,20922120
16-02-18,178.99,179.88,176.3,177.36,21015610
20-02-18,175.77,177.95,175.11,176.01,21204921
21-02-18,176.71,181.27,176.4,177.91,23200804
22-02-18,178.7,180.21,177.41,178.99,18464192
23-02-18,179.9,183.39,179.51,183.29,19007288
26-02-18,184.58,185.66,183.2228,184.93,17599703
27-02-18,184.45,184.7,181.46,181.46,15849806
28-02-18,182.3,182.88,178.14,178.32,18783039
01-03-18,179.01,180.12,174.41,175.94,23201626
02-03-18,173.29,177.11,172.99,176.62,20025905
05-03-18,176.2,181.1475,175.89,180.4,16189280
06-03-18,181.78,182.38,179.11,179.78,15086784
07-03-18,178.74,183.82,178.07,183.71,19097293
08-03-18,183.56,184.4,181.45,182.34,17225946
09-03-18,183.91,185.51,183.21,185.23,18526292
12-03-18,185.23,186.1,184.22,184.76,15301229
13-03-18,185.61,185.99,181.11,181.88,18067477
14-03-18,182.6,184.25,181.85,184.19,16821728
15-03-18,183.24,184,182.19,183.86,15645035
16-03-18,184.49,185.33,183.41,185.09,24403438
19-03-18,177.01,177.17,170.06,172.56,88140060
20-03-18,167.47,170.2,161.95,168.15,129851768
21-03-18,164.8,173.4,163.3,169.39,106598834
22-03-18,166.13,170.27,163.72,164.89,73742979
23-03-18,165.44,167.1,159.02,159.39,53609706
26-03-18,160.82,161.1,149.02,160.06,126116634
27-03-18,156.31,162.85,150.75,152.22,79116995
28-03-18,151.65,155.88,150.8,153.03,60029170
29-03-18,155.15,161.42,154.14,159.79,59434293
02-04-18,157.81,159.2,154.111,155.39,36795991
03-04-18,156.55,157.39,150.81,156.11,42543865
04-04-18,152.025,155.56,150.51,155.1,49885584
05-04-18,161.56,161.575,156.65,159.34,41449609
06-04-18,157.73,161.42,156.81,157.2,41644812
09-04-18,157.82,160.53,156.04,157.93,34915227
10-04-18,157.93,165.98,157.01,165.04,58947041
11-04-18,165.36,168.65,163.25,166.32,56144633
12-04-18,166.98,167.45,163.1,163.87,38262956
13-04-18,164.58,165.7036,163.77,164.52,19990561
16-04-18,165.7249,165.78,163.39,164.83,18119435
17-04-18,165.83,169,165.66,168.66,22743029
18-04-18,166.88,168.12,165.77,166.36,20969568
19-04-18,166.2,168.33,165.2,168.1,22234961
20-04-18,167.79,168.43,165.81,166.28,19119438
23-04-18,167.27,168.45,165.09,165.84,23088102
24-04-18,165.43,166.1,158.19,159.69,35079926
25-04-18,160.1448,161.06,156.19,159.69,41083581
26-04-18,173.22,176.27,170.8,174.16,77556934
27-04-18,176.81,177.1,172.6,173.59,29804657
30-04-18,173.79,175.72,171.71,172,20750478
01-05-18,172,174.02,170.23,173.86,26025932
02-05-18,174.246,178.08,174.2,176.07,30424450
03-05-18,175.13,176.12,172.12,174.02,24026071
04-05-18,173.08,176.98,173.06,176.61,17677844
07-05-18,177.35,179.5,177.17,177.97,18697195
08-05-18,178.25,179.04,177.11,178.92,15577211
09-05-18,179.67,183.01,178.7807,182.66,23282811
10-05-18,183.15,186.1292,182.5,185.53,21071403
11-05-18,184.85,188.32,184.18,186.99,21207848
14-05-18,187.71,187.86,186.2,186.64,15646744
15-05-18,184.88,185.29,183.2,184.32,15429433
16-05-18,183.6952,184.32,182.66,183.2,16975495
17-05-18,182.68,184.06,182.22,183.76,14840675
18-05-18,183.49,184.19,182.61,182.68,13130451
21-05-18,183.77,185.3,183.13,184.49,13532864
22-05-18,184.93,185.42,183.43,183.8,12731419
23-05-18,182.5,186.91,182.18,186.9,16628100
24-05-18,185.88,186.8,185.03,185.93,12354742
25-05-18,186.02,186.33,184.45,184.92,10965061
29-05-18,184.34,186.81,183.71,185.74,16398937
30-05-18,186.54,188,185.25,187.67,13736866
31-05-18,187.87,192.72,187.48,191.78,30782631
01-06-18,193.065,194.5492,192.07,193.99,17307245
04-06-18,191.84,193.98,191.47,193.28,18939795
05-06-18,194.3,195,192.62,192.94,15544294
06-06-18,191.0252,192.53,189.11,191.34,22558920
07-06-18,190.75,190.97,186.77,188.18,21503171
08-06-18,187.53,189.4754,186.43,189.1,12677092
11-06-18,188.81,192.6,188.8,191.54,12928907
12-06-18,192.17,193.28,191.56,192.4,11562704
13-06-18,192.74,194.5,191.91,192.41,15853821
14-06-18,193.1,197.28,192.91,196.81,19120866
15-06-18,195.79,197.07,194.64,195.85,21860931
18-06-18,194.8,199.58,194.13,198.31,16826023
19-06-18,196.2352,197.96,193.79,197.49,19993996
20-06-18,199.1,203.55,198.805,202,28230933
21-06-18,202.76,203.39,200.09,201.5,19045717
22-06-18,201.16,202.24,199.31,201.74,17420188
25-06-18,200,200,193.11,196.35,25275137
26-06-18,197.6,199.1,196.23,199,17897576
27-06-18,199.18,200.75,195.8,195.84,18734408
28-06-18,195.18,197.34,193.26,196.23,18172439
29-06-18,197.32,197.5997,193.955,194.32,15811602
02-07-18,193.37,197.45,192.22,197.36,13734954
03-07-18,194.55,195.4,192.52,192.73,13489514
05-07-18,194.74,198.65,194.03,198.45,19684193
06-07-18,198.45,203.64,197.7,203.23,19740131
09-07-18,204.93,205.8,202.1201,204.74,18149437
10-07-18,204.5,204.91,202.26,203.54,13190067
11-07-18,202.22,204.5,201.75,202.54,12927377
12-07-18,203.43,207.08,203.19,206.92,15454706
13-07-18,207.81,208.43,206.45,207.32,11503401
16-07-18,207.5,208.72,206.84,207.23,11078209
17-07-18,204.9,210.46,204.84,209.99,15349892
18-07-18,209.82,210.99,208.44,209.36,15334907
19-07-18,208.77,209.99,207.76,208.09,11350429
20-07-18,208.85,211.5,208.5,209.94,16241508
23-07-18,210.58,211.62,208.8,210.91,16731969
24-07-18,215.11,216.2,212.6,214.67,28468681
25-07-18,215.715,218.62,214.27,217.5,64592585
26-07-18,174.89,180.13,173.75,176.26,169803668
27-07-18,179.87,179.93,173,174.89,60073749
30-07-18,175.3,175.3,166.56,171.06,65280787
31-07-18,170.67,174.24,170,172.58,40356471
01-08-18,173.93,175.08,170.9,171.65,34042109
02-08-18,170.68,176.79,170.27,176.37,32399954
03-08-18,177.69,178.85,176.15,177.78,24763434
06-08-18,178.97,185.79,178.38,185.69,49716192
07-08-18,186.5,188.3,183.72,183.81,33398562
08-08-18,184.75,186.85,183.76,185.18,22205230
09-08-18,185.8492,186.57,182.48,183.09,19732120
10-08-18,182.04,182.1,179.42,180.26,21500410
13-08-18,180.1,182.61,178.9,180.05,17423264
14-08-18,180.71,181.99,178.62,181.11,19101995
15-08-18,179.34,180.87,174.78,179.53,33020231
16-08-18,180.42,180.5,174.01,174.7,31351784
17-08-18,174.5,176.22,172.04,173.8,24893176
20-08-18,174.04,174.57,170.91,172.5,21518006
21-08-18,172.81,174.17,171.39,172.62,19578514
22-08-18,172.21,174.24,172.13,173.64,16894083
23-08-18,173.09,175.55,172.83,172.9,18053567
24-08-18,173.7,174.82,172.92,174.645,14631556
27-08-18,175.99,178.67,175.79,177.46,17921935
28-08-18,178.1,178.2399,175.83,176.26,15910675
29-08-18,176.295,176.79,174.75,175.9,18678301
30-08-18,175.9,179.7901,175.7,177.64,24216532
31-08-18,177.15,177.62,174.9815,175.73,18065159
04-09-18,173.5,173.89,168.8,171.16,29808971
05-09-18,169.49,171.125,166.67,167.18,31226744
06-09-18,166.98,166.98,160,162.53,41514834
07-09-18,160.31,164.6269,160.16,163.04,24300600
10-09-18,163.51,165.01,162.16,164.18,20197680
11-09-18,163.94,167.19,163.72,165.94,20457088
12-09-18,163.25,164.49,161.8,162,24078118
13-09-18,162,163.32,160.86,161.36,25453775
14-09-18,161.715,162.84,160.34,162.32,21770405
17-09-18,161.92,162.06,159.77,160.58,21005321
18-09-18,159.39,161.7639,158.8656,160.3,22465236
19-09-18,160.08,163.44,159.48,163.06,19628996
20-09-18,164.5,166.45,164.4722,166.02,18936038
21-09-18,166.64,167.25,162.81,162.93,45994800
24-09-18,161.03,165.7,160.88,165.41,19222775
25-09-18,161.99,165.59,161.15,164.91,27622806
26-09-18,164.3,169.3,164.21,166.95,25252231
27-09-18,167.55,171.77,167.21,168.84,27266856
28-09-18,168.33,168.79,162.56,164.46,34265638
01-10-18,163.03,165.88,161.26,162.44,26407677
02-10-18,161.58,162.28,158.67,159.33,36030977
03-10-18,160,163.66,159.53,162.43,23109456
04-10-18,161.46,161.46,157.35,158.85,25739635
05-10-18,159.21,160.9,156.2,157.33,25744047
08-10-18,155.54,158.34,154.39,157.25,24045968
09-10-18,157.69,160.59,157.42,157.9,18844425
10-10-18,156.82,157.69,151.31,151.38,30609970
11-10-18,150.13,154.81,149.16,153.35,35338901
12-10-18,156.73,156.89,151.2998,153.74,24262196
15-10-18,153.32,155.57,152.55,153.52,15433521
16-10-18,155.4,159.46,155.01,158.78,19180095
17-10-18,159.56,160.49,157.95,159.42,17592003
18-10-18,158.51,158.66,153.28,154.92,21675084
19-10-18,155.86,157.35,153.55,154.05,19761347
22-10-18,154.76,157.34,154.46,154.78,15424658
23-10-18,151.22,154.77,150.85,154.39,18817416
24-10-18,154.28,154.65,145.6,146.04,27744597
25-10-18,147.73,152.21,147,150.95,22105696
26-10-18,145.82,149,143.8,145.37,31303341
29-10-18,148.5,148.83,139.03,142.09,31336784
30-10-18,139.935,146.64,139.7419,146.22,50528278
31-10-18,155,156.4,148.96,151.79,60101251
01-11-18,151.52,152.75,149.35,151.75,25640786
02-11-18,151.8,154.13,148.96,150.35,24708695
05-11-18,150.1,150.19,147.44,148.68,15969849
06-11-18,149.31,150.97,148,149.94,16667124
07-11-18,151.57,153.01,149.83,151.53,21877372
08-11-18,150.49,150.94,146.74,147.87,24145814
09-11-18,146.75,147.76,144.07,144.96,17326898
12-11-18,144.48,145.04,140.4899,141.55,18542123
13-11-18,142,144.88,141.62,142.16,15141710
14-11-18,143.7,145.58,141.55,144.22,22068384
15-11-18,142.33,144.84,140.83,143.85,30320280
16-11-18,141.07,141.77,137.77,139.53,37250560
19-11-18,137.61,137.75,131.21,131.55,44362729
20-11-18,127.03,134.1592,126.85,132.43,41939475
21-11-18,134.4,137.19,134.13,134.82,25469735
23-11-18,133.65,134.5,131.2551,131.73,11886128
26-11-18,133,137,132.78,136.38,24263640
27-11-18,135.75,136.6126,133.71,135,20750318
28-11-18,136.28,136.7899,131.85,136.76,29847505
29-11-18,135.92,139.99,135.66,138.68,24238713
30-11-18,138.26,140.966,137.36,140.61,25732577
03-12-18,143,143.6799,140.76,141.09,24819226
04-12-18,140.73,143.39,137.16,137.93,30307400
06-12-18,133.82,139.7,133.67,139.63,28218145
07-12-18,139.25,140.87,136.6566,137.42,21195460
10-12-18,139.6,143.05,139.01,141.85,26422173
11-12-18,143.88,143.88,141.1,142.08,20300349
12-12-18,143.08,147.19,142.51,144.5,23696936
13-12-18,145.57,145.85,143.19,145.01,18148610
14-12-18,143.34,146.01,142.51,144.06,21785820
17-12-18,143.08,144.92,138.42,140.19,24333959
18-12-18,141.08,145.93,139.8301,143.66,24709084
19-12-18,141.21,144.91,132.5,133.24,57404894
20-12-18,130.7,135.57,130,133.4,40297944
21-12-18,133.39,134.9,123.42,124.95,55129714
24-12-18,123.1,129.74,123.02,124.06,22066002
26-12-18,126,134.24,125.89,134.18,39723370
27-12-18,132.44,134.99,129.67,134.52,31202509
28-12-18,135.34,135.92,132.2,133.2,22627569
31-12-18,134.45,134.64,129.95,131.09,24625308
02-01-19,128.99,137.51,128.56,135.68,28146193
03-01-19,134.69,137.17,131.12,131.74,22717948
04-01-19,134.01,138,133.75,137.95,29002059
07-01-19,137.56,138.87,135.91,138.05,20089337
08-01-19,139.89,143.14,139.54,142.53,26263793
09-01-19,142.95,144.7,141.27,144.23,22205879
10-01-19,143.08,144.56,140.84,144.2,16125004
11-01-19,143.15,145.36,142.57,143.8,12908031
14-01-19,142,146.57,141.27,145.39,20520278
15-01-19,146.01,150.68,145.99,148.95,24068822
16-01-19,149,149.6499,146.9975,147.54,18025714
17-01-19,146.95,149,146.5,148.3,15787914
18-01-19,149.75,152.43,148.55,150.04,31029612
22-01-19,149.2,151.53,146.37,147.57,22378694
23-01-19,148.28,148.8,143.055,144.3,20098415
24-01-19,144.64,146.44,142.52,145.83,20955518
25-01-19,147.48,149.83,146.54,149.01,22250954
28-01-19,148.05,148.96,146.21,147.47,15508483
29-01-19,148.09,148.1,143.43,144.19,17631953
30-01-19,146.22,150.95,145.6953,150.42,44613240
31-01-19,165.6,171.68,165,166.69,77233602
01-02-19,165.84,169.1,165.66,165.71,30806513
04-02-19,165.7,169.3,163.62,169.25,20036470
05-02-19,169.15,171.98,168.69,171.16,22556985
06-02-19,171.2,172.47,169.27,170.49,13281161
07-02-19,168.2,169.24,165.25,166.38,17517609
08-02-19,164.47,167.37,164.21,167.33,12561422
11-02-19,167.9,168.3,165.08,165.79,12811176
12-02-19,166.86,168.34,164.5,165.04,16292290
13-02-19,165.38,166.22,163.73,164.07,14205146
14-02-19,163.19,164.8697,162.2468,163.95,12755151
15-02-19,164.51,164.7,160.86,162.5,15504415
19-02-19,160.5,164.15,160.33,162.29,14345390
20-02-19,162.25,163.72,161.25,162.56,11770692
21-02-19,161.93,162.24,159.59,160.04,15607828
22-02-19,160.58,162.41,160.31,161.89,15858468
25-02-19,163.07,166.07,162.9,164.62,18737106
26-02-19,164.335,166.24,163.8,164.13,13784063
27-02-19,162.9,163.93,160.41,162.81,12697485
28-02-19,162.37,163.5,160.86,161.45,11114185
01-03-19,162.6,163.132,161.69,162.28,11097770
04-03-19,163.9,167.5,163.83,167.37,18894689
05-03-19,167.37,171.88,166.55,171.26,28187890
06-03-19,172.9,173.57,171.27,172.51,21531723
07-03-19,171.5,171.74,167.61,169.13,18306504
08-03-19,166.2,169.62,165.97,169.6,13184831
11-03-19,171.6,174.3,171.58,172.07,18883983
12-03-19,172.09,173.8,171.2178,171.92,12155264
13-03-19,172.32,174.03,172.12,173.37,11973280
14-03-19,169.76,171.15,168.16,170.17,16753129
15-03-19,167.16,167.58,162.51,165.98,37126000
18-03-19,163.57,163.9,159.28,160.47,37524191
19-03-19,161.48,163.82,160.82,161.57,25611488
20-03-19,161.5,166.12,161.24,165.44,20211474
21-03-19,164.89,166.39,163.75,166.08,15669945
22-03-19,165.65,167.42,164.09,164.34,16389185
25-03-19,163,166.54,162,166.29,12631230
26-03-19,167.35,169.45,166.3499,167.68,15437920
27-03-19,167.85,168.94,164.79,165.87,10620299
28-03-19,164.57,166.72,163.33,165.55,10689171
29-03-19,166.39,167.19,164.81,166.69,13455454
01-04-19,167.83,168.9,167.2789,168.7,10381490
02-04-19,170.14,174.9,169.55,174.2,23946529
03-04-19,174.5,177.96,172.95,173.54,27590058
04-04-19,176.02,178,175.5301,176.02,17847731
05-04-19,176.88,177,175.1,175.72,9594133
08-04-19,175.21,175.5,174.23,174.93,7297379
09-04-19,175.62,179.19,175.55,177.58,19751031
10-04-19,178.18,178.79,176.54,177.82,11701479
11-04-19,178.24,178.4,177,177.51,8070967
12-04-19,178,179.63,177.95,179.1,12155622
15-04-19,178.5,180.5,176.87,179.65,10834762
16-04-19,179,180.17,178.3,178.87,11215193
17-04-19,179.6,180.74,178.36,178.78,9973732
18-04-19,178.8,178.88,177.34,178.28,11655608
22-04-19,178.25,181.665,178.25,181.44,13389889
23-04-19,182.74,184.22,181.48,183.78,19954814
24-04-19,184.49,185.14,181.65,182.58,37289871
25-04-19,196.98,198.48,192.12,193.26,54148789
26-04-19,192.5,192.9,189.09,191.49,22075002
29-04-19,190.95,195.41,190.65,194.78,19641310
30-04-19,194.19,197.39,192.28,193.4,23494689
01-05-19,194.78,196.1769,193.01,193.03,15996646
02-05-19,193,194,189.75,192.53,13209452
03-05-19,194.38,196.16,193.71,195.47,14575434
06-05-19,191.24,194.28,190.55,193.88,13994932
07-05-19,192.54,192.9,187.85,189.77,16253001
08-05-19,189.39,190.72,188.55,189.54,12505737
09-05-19,187.2,189.77,186.26,188.65,12967033
10-05-19,188.25,190,184.59,188.34,12578508
13-05-19,183.5,185.43,180.84,181.54,16833347
14-05-19,182.52,183.49,178.1,180.73,17628142
15-05-19,180.42,187.28,180.02,186.27,16746904
16-05-19,185.05,188.575,185.05,186.99,12953111
17-05-19,184.84,187.58,184.28,185.3,10485370
20-05-19,181.88,184.23,181.37,182.72,10351981
21-05-19,184.57,185.7,183.885,184.82,7502820
22-05-19,184.73,186.74,183.61,185.32,9213801
23-05-19,182.42,183.9,179.67,180.87,12768835
24-05-19,182.33,183.63,180.83,181.06,8807701
28-05-19,181.54,184.7119,181.4537,184.31,14843308
29-05-19,183.5,184.56,181.35,182.19,12797685
30-05-19,183.08,183.48,180.89,183.01,8581544
31-05-19,180.28,180.54,177.16,177.47,15226536
03-06-19,175,175.05,161.01,164.15,56059609
04-06-19,163.71,168.28,160.84,167.5,46044256
05-06-19,167.48,168.72,164.63,168.17,19758317
06-06-19,168.3,169.7,167.23,168.33,12446354
07-06-19,170.17,173.87,168.84,173.35,16917343
10-06-19,174.75,177.86,173.8,174.82,14767918
11-06-19,178.48,179.98,176.79,178.1,15266644
12-06-19,178.38,179.27,172.88,175.04,17699806
13-06-19,175.53,178.03,174.606,177.47,12253569
14-06-19,180.51,181.8398,180,181.33,16773691
17-06-19,185.01,189.5,184.4105,189.01,29459881
18-06-19,194,194.53,187.28,188.47,37571352
19-06-19,187,188.1,184.55,187.48,21417092
20-06-19,190.95,191.16,187.64,189.53,14635740
21-06-19,188.75,192,188.75,191.14,22751159
24-06-19,192.42,193.98,191.57,192.6,15508955
25-06-19,192.88,193.14,188.13,188.84,16750309
26-06-19,189.54,190.76,187.31,187.66,12808604
27-06-19,189.88,189.95,188.27,189.5,11158983
28-06-19,190.55,193.2,189.94,193,16378878
01-07-19,195.21,195.28,191.93,193,14204690
02-07-19,193,195,192.71,195,9049979
03-07-19,194.16,197.4,194.16,197.2,10246119
05-07-19,196.18,197.07,194.17,196.4,11164107
08-07-19,195.19,196.68,193.64,195.76,9723858
09-07-19,194.97,199.46,194.89,199.21,14698611
10-07-19,200,202.96,199.67,202.73,20571702
11-07-19,203.26,203.8,200.21,201.23,13678457
12-07-19,199.68,205.3,199.16,204.87,15366272
15-07-19,204.25,205.33,201.82,203.91,16030335
16-07-19,203.89,205.4707,203.1,203.84,12132720
17-07-19,204.18,204.36,201.59,201.8,12083714
18-07-19,200.15,202.47,199.38,200.78,11956554
19-07-19,202.18,202.33,198.07,198.36,12098262
22-07-19,199.91,202.57,198.81,202.32,13589024
23-07-19,202.84,204.242,200.9625,202.36,14583680
24-07-19,197.63,204.81,197.22,204.66,32532540
25-07-19,206.7,208.66,198.26,200.71,39889869
26-07-19,200.19,202.88,196.25,199.75,24433985
29-07-19,199,199.63,195.3,195.94,16530801
30-07-19,195.39,198.71,193.5,197.04,11903558
31-07-19,196.95,198.76,192.68,194.23,14593544
01-08-19,194.17,198.47,190.88,192.73,17777013
02-08-19,191.1,192.62,188.07,189.02,15296975
05-08-19,184.69,185.67,179.34,181.73,23086655
06-08-19,183.69,185.789,183.09,184.51,18035686
07-08-19,183.6,186.37,181.22,185.15,15833197
08-08-19,186.62,190.34,184.05,190.16,14828916
09-08-19,190,190.98,187.12,187.85,11058811
12-08-19,186.85,187.59,184.46,185.37,10936283
13-08-19,185.52,191.38,185.37,188.45,13653319
14-08-19,185.8,185.99,179.31,179.71,18903716
15-08-19,180.95,183.2,180.03,182.59,13059640
16-08-19,183.75,185.1,182.36,183.7,12844832
19-08-19,186.01,187.5,184.85,186.17,9699661
20-08-19,185.45,186,182.39,183.81,10087592
21-08-19,185,185.9,183.14,183.55,8409548
22-08-19,183.43,184.11,179.91,182.04,10829509
23-08-19,180.84,183.13,176.66,177.75,17331221
26-08-19,179.4,180.5,178.24,180.36,8780477
27-08-19,181.93,184.04,181.01,181.3,14408946
28-08-19,180.53,181.95,178.92,181.76,9392060
29-08-19,183.77,186.0752,183.47,185.57,10135033
30-08-19,186.78,186.8017,183.4585,185.67,10785722
03-09-19,184,185.67,182.11,182.39,9792187
04-09-19,184.65,187.7494,183.89,187.14,11314571
05-09-19,188.53,191.36,187.94,190.9,13896621
06-09-19,190.21,190.21,186.35,187.49,15142954
09-09-19,187.73,188.98,185.8466,188.76,14722402
10-09-19,187.44,188.1,184.55,186.17,15455867
11-09-19,186.46,189.44,186.08,188.49,11761660
12-09-19,189.86,190.93,187.23,187.47,11419775
13-09-19,187.325,187.97,186.54,187.19,11441116
16-09-19,186.93,187.7943,185.765,186.22,8444844
17-09-19,186.66,188.32,185.54,188.08,9751570
18-09-19,188.09,189.08,186.012,188.14,9945798
19-09-19,188.66,191.1,188.15,190.14,10474685
20-09-19,190.66,193.1,188.12,189.93,20359878
23-09-19,189.34,190.1,185.2062,186.82,14370089
24-09-19,187.98,188.04,180.39,181.28,18775666
25-09-19,181.45,183.42,177.87,182.8,18339960
26-09-19,181.33,181.4,177.67,180.11,16280691
27-09-19,178.16,180.755,175.66,177.1,14663575
30-09-19,177.87,178.67,176.85,178.08,11071425
01-10-19,179.15,179.84,174.88,175.81,17261556
02-10-19,174.84,176.53,173.09,174.6,16374148
03-10-19,175.57,179.84,173.63,179.38,16789319
04-10-19,179.55,180.98,178.1,180.45,10476395
07-10-19,180,181.18,178.09,179.68,9359793
08-10-19,178.26,180.37,177.72,177.75,10084896
09-10-19,179.16,180.72,177.94,179.85,7648874
10-10-19,180.32,181.61,179.17,180.03,8980978
11-10-19,182.15,186.49,182.14,184.19,14998754
14-10-19,184.2,184.62,182.5735,183.28,7203665
15-10-19,183.8,190.38,183.66,188.89,15143119
16-10-19,188.32,189.7,186.9002,189.55,10560343
17-10-19,190.3,190.84,188.765,190.39,9761548
18-10-19,190.23,191.49,183.9239,185.85,16584992
21-10-19,187.04,189.91,186.75,189.76,8122598
22-10-19,190,190.65,181.5,182.34,19854192
23-10-19,182.01,186.38,182,186.15,12370819
24-10-19,184.62,186.73,182.8,186.38,11505406
25-10-19,185.83,189,185.0876,187.89,8061240
28-10-19,187.2,189.53,185.08,189.4,13657866
29-10-19,191.69,192.53,188.47,189.31,13574874
30-10-19,189.56,190.45,185.98,188.25,28734559
31-10-19,196.7,198.09,188.25,191.65,42286529
01-11-19,192.85,194.11,189.91,193.62,21308545
04-11-19,194.55,197.3672,193.8119,194.72,16371292
05-11-19,195.37,195.75,193.6,194.32,9941954
06-11-19,194.03,194.37,191.35,191.55,10973019
07-11-19,191.91,193.44,189.47,190.42,12704009
08-11-19,190,192.34,189.7,190.84,10764784
11-11-19,189.93,190.08,188.54,189.61,8637768
12-11-19,190,195.06,189.74,194.47,17615454
13-11-19,194.7,195.7,192.74,193.19,11009800
14-11-19,192.93,194.03,191.45,193.15,9059897
15-11-19,194.26,195.3,193.38,195.1,11530232
18-11-19,194.56,198.63,193.05,197.4,16176107
19-11-19,197.4,200,196.86,199.32,19070291
20-11-19,198.58,199.59,195.43,197.51,12370240
21-11-19,197.42,199.09,196.86,197.93,12130985
22-11-19,198.38,199.3,197.62,198.82,9959817
25-11-19,199.515,200.97,199.25,199.79,15286442
26-11-19,200,200.15,198.0387,198.97,11748664
27-11-19,199.9,203.14,199.42,202,12760568
29-11-19,201.6,203.8,201.21,201.64,7985231
02-12-19,202.13,202.18,198.05,199.7,11542020
03-12-19,197.6,198.93,195.08,198.82,13014170
04-12-19,200,200.0288,198.05,198.71,8459939
05-12-19,199.86,201.29,198.2126,199.36,9755350
06-12-19,200.5,201.57,200.06,201.05,12279525
09-12-19,200.65,203.1418,200.21,201.34,11689824
10-12-19,201.66,202.05,200.15,200.87,9485568
11-12-19,200.28,202.63,200.28,202.26,8041827
12-12-19,202.35,203.66,194.1,196.75,23766986
13-12-19,196.4,196.8,193.17,194.11,18806020
16-12-19,195.27,199.12,194.81,197.92,14922733
17-12-19,198.84,199,196.13,198.39,10177605
18-12-19,200.09,204.3,200.09,202.5,23284746
19-12-19,202.78,206.3,202.51,206.06,16808184
20-12-19,207.48,207.71,203.43,206.3,27315226
23-12-19,206.7,208.59,205.68,206.18,13353194
24-12-19,206.3,206.79,205,205.12,6046273
26-12-19,205.5665,207.82,205.31,207.79,9368273
27-12-19,208.6697,208.93,206.5875,208.1,10287634
30-12-19,207.86,207.9,203.9001,204.41,10534441
31-12-19,203.995,205.56,203.6001,205.25,8962756
02-01-20,206.75,209.79,206.27,209.78,12090707
03-01-20,207.2135,210.4,206.95,208.67,11197416
06-01-20,206.92,212.78,206.52,212.6,15711298
07-01-20,212.82,214.58,211.75,213.06,15111857
08-01-20,213,216.24,212.6121,215.22,13492703
09-01-20,217.54,218.38,216.278,218.3,12184634
10-01-20,219.2,219.88,217.42,218.06,12127432
13-01-20,219.5965,221.97,219.21,221.91,14295658
14-01-20,221.61,222.38,218.63,219.06,13315361
15-01-20,220.61,221.68,220.14,221.15,10036475
16-01-20,222.57,222.63,220.39,221.77,10015288
17-01-20,222.03,222.29,220.53,222.14,15905944
21-01-20,222.155,222.37,219.12,221.44,14162007
22-01-20,222.31,222.75,221.28,221.32,12212814
23-01-20,220.75,221.485,219.27,219.76,11195000
24-01-20,220.8,221.78,216.11,217.94,11905824
27-01-20,213.1,216.06,212.5,214.87,13810655
28-01-20,216.14,218.74,213.52,217.79,12713091
29-01-20,221.44,224.2,218.45,223.23,33610005
30-01-20,206.53,211.43,204.75,209.53,48775500
31-01-20,208.43,208.69,201.06,201.91,31359917
03-02-20,203.44,205.14,202.5,204.19,15510509
04-02-20,206.6165,210.6,205.2025,209.83,19152420
05-02-20,212.51,212.73,208.71,210.11,12538154
06-02-20,210.47,211.19,209.338,210.85,10539932
07-02-20,210.3,212.82,209.93,212.33,12132228
10-02-20,211.52,213.8,210.66,213.06,11856350
11-02-20,210.19,210.86,206.5102,207.19,25030810
12-02-20,207.85,211.22,207.4,210.76,13813704
13-02-20,209.5235,214.3259,209.18,213.14,15396625
14-02-20,214,214.93,212.65,214.18,10741747
18-02-20,213.55,217.975,213.4,217.8,15630026
19-02-20,217.99,218.32,216.11,217.49,12135114
20-02-20,216.52,218.765,212.945,214.58,13109213
21-02-20,213.48,214.237,208.8305,210.18,14098432
24-02-20,201.8,203.65,198.17,200.72,22806992
25-02-20,202.27,203.5,195.9537,196.77,21433487
26-02-20,197.19,201.21,195.49,197.2,16555210
27-02-20,191.82,195.88,189.5,189.75,21682626
28-02-20,182.695,192.74,181.82,192.47,32583494
02-03-20,194.03,196.57,188.85,196.44,24948955
03-03-20,196.22,197.24,183.97,185.89,27984104
04-03-20,189.17,191.83,186.39,191.76,23062473
05-03-20,186.78,188.99,183.8901,185.17,19333425
06-03-20,178.33,183.78,176.26,181.09,24559550
09-03-20,169.6,175,165.19,169.5,29716936
10-03-20,174.67,178.29,169.5,178.19,24517791
11-03-20,174.01,175.88,167.66,170.24,20297257
12-03-20,159.54,166.6,154.34,154.47,43266335
13-03-20,163.53,170.79,157.6,170.28,35028627
16-03-20,152.32,159.13,143.1,146.01,38876427
17-03-20,150.74,153.94,140,149.42,33905834
18-03-20,139.75,148.18,137.1006,146.96,37553136
19-03-20,146.62,159.9294,144.8,153.13,39862312
20-03-20,156.02,159.27,148,149.73,32568398
23-03-20,149.66,152.31,142.25,148.1,29830765
24-03-20,155.205,161.31,152.57,160.98,30440369
25-03-20,158.92,162.99,153.06,156.21,34959783
26-03-20,158.25,164,157.0201,163.34,26579021
27-03-20,158.2,160.09,154.75,156.79,24879869
30-03-20,159.18,166.75,158.06,165.95,22515225
31-03-20,165.48,170.93,164.2,166.8,23520528
01-04-20,161.615,164.15,158.035,159.6,19363145
02-04-20,159.1,161.3509,155.92,158.19,20563168
03-04-20,157.15,157.91,150.83,154.18,25983317
06-04-20,160.15,166.2,158.51,165.55,28359595
07-04-20,171.79,173.39,166.01,168.83,31098986
08-04-20,171.25,175,167.74,174.28,21554783
09-04-20,175.9,177.08,171.57,175.19,23020919
13-04-20,173.67,175,169.45,174.79,19355355
14-04-20,178.9765,181.225,176.62,178.17,21011815
15-04-20,175.1865,178.19,172.82,176.97,17423003
16-04-20,177.95,178.05,172.51,176.25,23593229
17-04-20,179.2,180.28,176.66,179.24,20974750
20-04-20,177.41,180.5,176.77,178.24,15773270
21-04-20,175.25,175.38,168.3408,170.8,24850528
22-04-20,178.45,184.78,178.14,182.28,32875815
23-04-20,184.08,187.05,183.15,185.13,21306701
24-04-20,183.23,190.41,180.825,190.07,28868528
27-04-20,192.99,193.75,187.41,187.5,29040957
28-04-20,188.66,189.2,182.56,182.91,20000732
29-04-20,190.93,196.91,190,194.19,45954521
30-04-20,206.92,209.69,201.5701,204.71,46230116
01-05-20,201.6,207.28,199.0501,202.27,30415581
04-05-20,200.2,205.91,198.7562,205.26,19250673
05-05-20,207.02,210.38,206.5,207.07,20875507
06-05-20,208.12,211.6,206.66,208.47,21856963
07-05-20,211.16,211.6,209.04,211.26,15151976
08-05-20,212.24,213.21,210.85,212.35,12524048
11-05-20,210.8865,215,210.37,213.18,12870850
12-05-20,213.29,215.275,210,210.1,14704647
13-05-20,209.43,210.78,202.11,205.1,20684559
14-05-20,202.56,206.93,200.69,206.81,17178947
15-05-20,205.27,211.34,204.12,210.88,19252430
